 ,City,Status,District,Population (2011 census),Population (2025 estimated),TIER,,,,LAND UTILIZATION (sq.km),,,,,,,HORTICULTURAL DATA (2023-2024 final estimates),,,,,,,,,HORTICULTURAL DATA (2024-2025 second estimates),,,,,,,TRANSPORTATION AND LOGISTICS,,,,,ADMINISTRATIVE DETAILS,,,,,HUDD INFORMATION,,,Telephone Directory of  Madhya Pradesh Urban Development Company Limited,,,,,,,,,MARKETS,,,,,,,,,,,,Secretaries of APMCs,,,,,,,,,,Schemes,,,,,,,,CONSOLIDATED LIST OF STATE-WISE 394 APPROVED COLD CHAIN PROJECTS (As on 11.03.2025),,,,,,,,,,,,LOSSES DISTRICT-WISE (2022),,,,,LOSSES (STATE) 2022,,,,,,,,,,,,,,,HORTICULTURE DATA FOR PAST 3 YEARS,,,,,,,,,,,,,,,,,,,,,,,,,,,,,,,,,,,,,,,,,,,,,,,,,,,,,,,,,,,,,,,,,,,,,,,,,,,,,,,,,,,,,,,,,,,,,,,,,,,,,,,,,,,,,,,,,,,,,,,,,,,,,,,,,,,,,,,,,,,,,,,,,,,,,,,,,,,,,,,,,,,,,,,,,,,,,,,,,,,,,,,Directorate of horticulture and food processing,,,,,,Joint Directors Horticulture division wise,,,,,,Horticulture officers district wise,,,,,,,,,,,,APMC Telephone Directory State level,,,,,Zonal Offices of the Mandi Board Division wise,,,,,,,,,,,,,,,,,,,,,,,,,,,,
,,,,,,,,Crop land,Built-up (Rural/Urban),Barren/wastelands,Forest (decidious),Water bodies,,Fruits Area (Hac),Fruits Production (MT),Vegetables area (Hac),Vegetables production (MT),Flowers Area (Hac),Flowers Production (MT),Spices Area (Hac),Spices Production (MT),Fruits Area (Hac),Fruits Production (MT),Vegetables area (Hac),Vegetables production (MT),Flowers Area (Hac),Flowers Production (MT),Spices Area (Hac),Spices Production (MT),,Airport,Railway/Metro,Roads,Logistic Notes,,Municipal Corporation Name,Commissioner Name, Commissioner Email,Commissioner Phone No.,Website,, HUDD Department Name,Office Contact,Email,,Name of the Official,Designation,Landline No.,Email ID,,,Name,Location,Estimated Seller Count (Agriculturists Served),Operating days ,Key commodities ,Footfall (Villages Served),Governance,Category,No.of Cold Storages,Cold Storage Capacity in MT,Subyards name and address,Telephone ,Email,,Name of the incumbent Secretary,original position,Department,Mobile,,Notes,,Scheme Name,Scheme type ,Scheme brief,Implementing Authority,Financial Assistance,Target Beneficiaries,Cold chain details,website/source,,,,,,,,,,,,,,,District,Name of the commodity ,Farm-level losses,Market-level losses,Overall total losses,,Name of the commodity,Farm-level losses,Market-level losses,Overall,,,,,,,,,,,,,INDORE,,,,,,,,,,,BHOPAL,,,,,,,,,,,JABALPUR,,,,,,,,,,,GWALIOR,,,,,,,,,,,UJJAIN,,,,,,,,,,,DEWAS,,,,,,,,,,,SATNA,,,,,,,,,,,SAGAR,,,,,,,,,,,RATLAM,,,,,,,,,,,REWA,,,,,,,,,,,DHAR,,,,,,,,,,,BETUL(sarni),,,,,,,,,,,BALAGHAT,,,,,,,,,,,ASHOKNAGAR,,,,,,,,,,,TIKAMGARH,,,,,,,,,,,GUNA,,,,,,,,,,,SHAJAPUR,,,,,,Name,Position,Address,Contact ,Email,,Name,Designation,Division/district ,Contact,Email,,Name,Designation,District,Contact,Email,,,,,,,Name,Authority,Alloted Division,Telephone ,Email,,Name of the division,Name of the officer,Designation,Division Address,Office/Fax Number,mobile number,email id,,,,,,,,,,,,,,,,,,,,,,,
MADHYA PRADESH,Indore,M Corp.,Indore,"1,964,086","2,871,000",Tier 1,,2653.62,72.93/248.11,9.6,491.8,60.17,,4819,102112,88953,2227436,4825,88685,15759,199561,4934,104657,91433,2278798,4897,90020,16094,203740,,Devi Ahilyabai Holkar ,Indore Railway Station/ Indore metro,"NH-47, NH-52","Devi Ahilyabai Airport with perishable cargo facility, multimodal logistic park, pithampur",,Indore Municipal Corporation,Shri Dileep Kumar Yadav,commindore@mpurban.gov.in,75302 20058,imcindore.mp.gov.in,,Indore Development Authority,9893699113,idaindore7@yahoo.in,,Shri. Anand Singh,Engineer-in- Chief,0755-2762825,anandsng.udc@mpurban.gov.in,,,Indore(F&V),"Krishi Upaj Mandi Samiti, Indore, Krishi Upaj Mandi",176,"Daily, 8 AM to 8 PM","Potato, Onion, Cauliflower, Guava, Mango, Marigold",1761689,APMC,Primary Market Yard,29,No Data,"Sanyogita Ganj, laxmibai Mandi",0731-2412902,"indore@mp.nic.in, awmind@nic.in, indoremandi@gmail.com, mandiindore@gmail.com",,Shri Naresh Kumar Parmar,Secretary-A,Deputation (Agriculture),98272-88731,,Krishi vipnan prize scheme is being implemented,,MIDH-NHM,Central,"holistic growth of horticulture sector, post-harvest management, processing and marketing, nurseries, tissue culture, Area expansion, Organic farming","Deparment of Horticulture, MP",30%-50% subsidy on credit ,farmers into farmer groups like FIGs/FPOs and FPCs,"Standalone Cold Storage, Multi-chamber CS, Pack Houses, Ripening Chambers.",website,,Sr. No.,Project,Phase,PMA,Sector,District,State,Date of Approval,Project cost (₹ in crore),Approved grants-inaid (₹ in crore),Amount of grant released (₹ in crore),Status,,Indore,Cauliflower,5.51 ±0.1025,1.14 ±0.2623,6.65 ±0.2817,,Bottlegourd,5.2 ±0.7115,2.26 ±0.9288,7.46 ±1.17,,,CROP SEASONALITY,,,,,,,2024,,,2023,,,2022,,,,,2024,,,2023,,,2022,,,,,2024,,,2023,,,2022,,,,,2024,,,2023,,,2022,,,,,2024,,,2023,,,2022,,,,,2024,,,2023,,,2022,,,,,2024,,,2023,,,2022,,,,,2024,,,2023,,,2022,,,,,2024,,,2023,,,2022,,,,,2024,,,2023,,,2022,,,,,2024,,,2023,,,2022,,,,,2024,,,2023,,,2022,,,,,2024,,,2023,,,2022,,,,,2024,,,2023,,,2022,,,,,2024,,,2023,,,2022,,,,,2024,,,2023,,,2022,,,,,2024,,,2023,,,2022,,,PREETI MAITHIL (IAS),COMMISSIONER / DIRECTOR,"6th Floor, Vindhyachal Bhawan, Arera Hills, Bhopal, 462004",0755-2578491,,,Smt. Jaymala Singh,JDH (Incharge),Bhopal Division,0755-2770889,jdhbhopal.horti@mp.gov.in,,Shri M.H. Saify,Astt. Director (Incharge) Horticulture,Bhopal (Pramukh Udhyan),0755-2553655,pg.bhopal@mp.gov.in,,,,,,mandiboard setup,Shri Kumar Purushottam,Commissioner cum Managing Director,,"0755-2553429, 0755-4270498",mdmandiboard@gmail.com,,Bhopal,Mrs. Savita Jhania,Joint Director,"Madhya Pradesh State Agricultural Marketing Board, 26 Kisan Bhawan, Arera Hills, Jail Road, Bhopal Division Bhopal - 462001",0755- 2550834,94259-19190,ddbpldiv.mandiboard@gmail.com,,,Madhya Pradesh Rajya Aajeevika Forum,,,,,,,,List of FPOs,,,,,,,,SHGS,,,,
,Bhopal,M Corp.,Bhopal,"1,798,218","2,629,000",Tier 1,,1787.4,58.93/220.85,0.39,296.17,117.65,,5336,120626,13936.1,311127,1551,26549.6,3714,35830,5552,124968,14223.1,324076.8,1733,27284.04,4128,37968.5,,Raja Bhoj Intl.,Bhopal Junction,"NH-46, NH-146","Mandideep ICD (Inland Container Depot) nearby for export, warehousing base, govindpur",,Bhopal Municipal Corporation,Smt. Sanskriti Jain,commoffice@bmconline.gov.in,9424499500,bmconline.gov.in,,Bhopal Development Authority,0755-2555670,invest@bda.org.in,,Shri. Anand Singh,Chief Engineer,0755-2763868,dypdtech@gmail.com,,,Bhopal(F&V),"Pandit Laxminarayan Sharma Krishi Upaj Mandi Karond, Pandit Laxminarayan Sharma Krishi Upaj Mandi Karond",305,"Daily, 24 hrs","Guava, Onion, Okra, Papaya, Brinjal",220000,APMC,Primary Market Yard,11,10-25,SUB MANDI YARD BHAISA KHEDI BEIRAGASH,7552980589,"mpapmcbhopal@gmail.com, awmmpbho@nic.in",,Shri Praveen Verma,Deputy Director,State Mandi Board Service,98264-68529,,is following e-NAM,,Agriculture Infrastructure Fund (AIF),Central,₹1 lakh crore in debt financing for post-harvest management & community assets,Ministry of Agriculture & Farmers Welfare.,3% Interest Subvention on loans up to ₹2 Crore for 7 years.,"FPOs, PACS, Cooperatives, Mandis, SHGs","Warehouses, Cold Stores, Silos, Sorting/Grading units, Cold Room installations.",website,,1,Om Agro Products, III,IL&FS, F&V , Jabalpur,Madhya pradesh,25-07-2012,17.22,3.97,3.97,Completed,,,Guava,11.02 ±2.5977,3.19 ±2.3357,14.21 ±3.4933,,Capsicum,2.24 ± 0.2603,2.09 ± 0.5818,4.33 ± 0.6374,,Name of the commodity,Season,Sowing Months,Harvesting Months,,,,Name of the commodity,Area (Hac),Production (MT),Name of the commodity,Area (Hac),Production (MT),Name of the commodity,Area (Hac),Production (MT),,,Name of the commodity,Area (Hac),Production (MT),Name of the commodity,Area (Hac),Production (MT),Name of the commodity,Area (Hac),Production (MT),,,Name of the commodity,Area (Hac),Production (MT),Name of the commodity,Area (Hac),Production (MT),Name of the commodity,Area (Hac),Production (MT),,,Name of the commodity,Area (Hac),Production (MT),Name of the commodity,Area (Hac),Production (MT),Name of the commodity,Area (Hac),Production (MT),,,Name of the commodity,Area (Hac),Production (MT),Name of the commodity,Area (Hac),Production (MT),Name of the commodity,Area (Hac),Production (MT),,,Name of the commodity,Area (Hac),Production (MT),Name of the commodity,Area (Hac),Production (MT),Name of the commodity,Area (Hac),Production (MT),,,Name of the commodity,Area (Hac),Production (MT),Name of the commodity,Area (Hac),Production (MT),Name of the commodity,Area (Hac),Production (MT),,,Name of the commodity,Area (Hac),Production (MT),Name of the commodity,Area (Hac),Production (MT),Name of the commodity,Area (Hac),Production (MT),,,Name of the commodity,Area (Hac),Production (MT),Name of the commodity,Area (Hac),Production (MT),Name of the commodity,Area (Hac),Production (MT),,,Name of the commodity,Area (Hac),Production (MT),Name of the commodity,Area (Hac),Production (MT),Name of the commodity,Area (Hac),Production (MT),,,Name of the commodity,Area (Hac),Production (MT),Name of the commodity,Area (Hac),Production (MT),Name of the commodity,Area (Hac),Production (MT),,,Name of the commodity,Area (Hac),Production (MT),Name of the commodity,Area (Hac),Production (MT),Name of the commodity,Area (Hac),Production (MT),,,Name of the commodity,Area (Hac),Production (MT),Name of the commodity,Area (Hac),Production (MT),Name of the commodity,Area (Hac),Production (MT),,,Name of the commodity,Area (Hac),Production (MT),Name of the commodity,Area (Hac),Production (MT),Name of the commodity,Area (Hac),Production (MT),,,Name of the commodity,Area (Hac),Production (MT),Name of the commodity,Area (Hac),Production (MT),Name of the commodity,Area (Hac),Production (MT),,,Name of the commodity,Area (Hac),Production (MT),Name of the commodity,Area (Hac),Production (MT),Name of the commodity,Area (Hac),Production (MT),,,Name of the commodity,Area (Hac),Production (MT),Name of the commodity,Area (Hac),Production (MT),Name of the commodity,Area (Hac),Production (MT),,Shri Arvind Kumar Dubey,"Commissioner, Cum Director","6th Floor, Vindhyachal Bhawan Bhopal (M.P.)",755-2578491,dirhort@mp.nic.in,,Mr. Dayaram Jatav,JDH (Incharge),Indore Division,0731-2710085,jdhindore.horti@mp.gov.in,,Shri Rajkumar Sagar,Astt. Director Horticulture,Bhopal,0755-2770889,horti.bhopal@mp.gov.in,,,,,,mandisamiti setup ,Shri Anurag Saxena,Additional Director,Establishment / Loan / Sanction / Infrastructure Branch / Regulation / Election / Premises / Administration / Departmental Inquiry / Grievance / Coordination / Law / Planning / MIS / Right to Information / Inspection / Training etc.,9407125000,-,,,,,,Fax - 2764654,,ddmbin@gmail.com,,,Panchayat and Rural Development Department,,,,,State,Name of District,Block,CBBO Name,FPO Name,"FPO
 Registration No.",Registration ACT,Date of Incorporation,,Village,Gram Panchayat,Block,District,Total SHGs,Total members,Approx. distance to APMC (km)
,Jabalpur,M Corp.,Jabalpur,"1,055,525","1,542,000",Tier 1,,2616.21,37.9/137.79,1.64,538.23,75.18,,6969.91,93586.02,51802.68,725533.42,718.77,11139.38,5861.36,36287.92,6959.91,93529.12,51789.78,725389,718.77,7996.71,5856.36,38830.41,,Dumna,Jabalpur station,"NH-30, NH-34, NH-45","Pea Cold Chain Cluster, Direct rail to Mumbai/Howrah.",,Municipal Corporation Jabalpur,Shri Dhananjay Singh Bhadoria,commjabalpur@gov.in,0761-2679000,mpenagarpalika.gov.in,,Jabalpur Development Authority,0761-2402832,ceojda@gmail.com,,Shri Shailendra Kumar Gupta,Project Officer,"0755-2763060,61,62",mpusipbpl@mpurban.gov.in,,,Jabalpur(F&V),"Sahaj savari krishi upaj mandi, Sahaj savari, Krishi Upaj Mandi, Jabalpur",670,"Daily, 24 hrs","Green Pea,Tomato, Guava, Mango",2026,APMC,Primary Market Yard,2,20000,"PANAGAR, BARGI & KUNDAM",0761-4031091,"mpapmcjabalpur@gmail.com, awmjab@nic.in",,Shri R.K. Sayyam,Secretary-B,State Mandi Board Service,"78986-95941, 70002-97981, 94253-74217",,Rest House Lunch Facility in 5 Rs.,,PMFME (Micro Food Processing Enterprises),Central,boost India's unorganized food processing sector,Ministry of Food Processing Industries,35% credit linked subsidy,"Individual micro-enterprises, SHGs, FPOs, FPCs, Cooperatives.","Pre-cooling, sorting, grading, packing facilities, mobile cooling units.",source,,2,Bhanu Farms Ltd.,IV,IL&FS, F&V , Jabalpur,Madhya pradesh,20-09-2013,39.5,9.48,9.48,Completed,,,Potato,5.92 ± 0.0069,1.13 ± 0.63,7.05 ± 0.6301,,Cauliflower,5.32 ±0.1222,1.14 ±0.2174,6.46 ±0.2494,,Onion,Rabi,Oct - Nov,Apr - May,,,,Vegetables,,,Vegetables,,,Vegetables,,,,,Vegetables,,,Vegetables,,,Vegetables,,,,,Vegetables,,,Vegetables,,,Vegetables,,,,,Vegetables,,,Vegetables,,,Vegetables,,,,,Vegetables,,,Vegetables,,,Vegetables,,,,,Vegetables,,,Vegetables,,,Vegetables,,,,,Vegetables,,,Vegetables,,,Vegetables,,,,,Vegetables,,,Vegetables,,,Vegetables,,,,,Vegetables,,,Vegetables,,,Vegetables,,,,,Vegetables,,,Vegetables,,,Vegetables,,,,,Vegetables,,,Vegetables,,,Vegetables,,,,,Vegetables,,,Vegetables,,,Vegetables,,,,,Vegetables,,,Vegetables,,,Vegetables,,,,,Vegetables,,,Vegetables,,,Vegetables,,,,,Vegetables,,,Vegetables,,,Vegetables,,,,,Vegetables,,,Vegetables,,,Vegetables,,,,,Vegetables,,,Vegetables,,,Vegetables,,,,Shri Anupam Rajan,Additional Chief Secretary,"Mantralaya, Vallabh Bhawan Bhopal (M.P.)",0755-2708556,pshort@mp.gov.in,,Mr. J.P. Kolhekar,JDH (Incharge),Gwalior,0751-2463722,jdh.gwalior@mp.gov.in,,Mr. Dhariwal,Astt. Director Horticulture,Training Centre Indore,0731-2701460,training.indore@mp.gov.in,,,,,,,Shri R.K. R.S. Ahirwar,Additional Director,Finance / Planning / Sanction / Project Cell,0755-2556210,adfmpsamb@gmail.com,,Indore,Mrs. Praveen Choudhary,Deputy Director,"Madhya Pradesh State Agricultural Marketing Board, Opposite New Girls Degree College, Kila Maidan, VIP Road, Indore (M.P.) - 452001",0731- 2400487,99777-03510,ddmbin@gmail.com,,,Name ,Designation,Location,,1,Madhya Pradesh,Indore,Depalpur,ITC Limited,Machaldhara Farmers Producer Company Limited,U01100MP2022 PTC062112,Company Act,2-Aug-2022,,Bisnawada,Bisnawada,Indore,Indore,16,174,9-10
,Gwalior,M Corp.,Gwalior,"1,054,420","1,562,000",Tier 1,,2838.28,40.02/121.76,36.84 (ravinous),1106.81,70.63,,1505,27201,15665,316820,750,7450,4887,28385,1531,28263,15817,319636,750,7450,4987,28760,,Gwalior,Gwalior Railway Station,"NH-719, NH-44 N.S., NH-46","Malanpur Dry Port (ICD), Potato transport hub.",,Gwalior Municipal Corporation,Shri Sangh Priya,nn.gwalior@mpurban.gov.in,9644405500,gwaliormunicipalcorporation.org,,Gwalior Development Authority,0751 - 2445536,ceo@gdagwalior.in,,,,,,,,Sabji Mandi ,"Krishi upaj Mandi samiti, lashkar, Laxmi gunj, Sabji Mandi",381,10AM-9PM,"Potato, Tomato, Guava, Limes",1632109,APMC,Primary Market Yard,-,-,"DEENARPUR, MOHANA,",0751 2383898,awmlasgwa@mp.nic.in,,Shri Mahendra Singh Meena,Market Inspector,State Mandi Board Service,99810-11303,,,,Operation Greens,Central,"integrated development of Tomato, Onion and Potato (TOP) value chain to TOTAL",Ministry of Food Processing Industries,50% (70% for FPOs) of eligible costs,"Farmers, food processors, FPO/FPC, Co-operative Societies","Cold storage, transport for fruits and vegetables",source,,3,"Shree Uttam Food Products (India) Pvt. Ltd.,",V,GT, F&V ,Jhabua,Madhya pradesh,22-05-2015,32.25,8.5,7.5,Ongoing,,Jabalpur,Bottlegourd,5.2 ±0.7115,2.26 ±0.9288,7.46 ±1.17,,Chickpea,4.77 ±0.138,1.08 ±0.1623,5.85 ±0.213,,Potato,Rabi,Oct - Nov,Feb - March,,,1,Potato,47150,1202325,Potato,46500,1185750,Potato,45157,1151504,,1,Onion,2210,57902,Onion,2130,56036,Onion,1954,51406,,1,Peas (Green),22095,220950,Peas(green),22095,220950,Peas(Green),22095,220950,,1,Potato,4650,116250,Potato,4625,115625,Potato,4625,115625,,1,Onion,19150,478750,Onion,15552,388800,Onion,19082,433733.86,,1,Onion,17218,532208.38,Onion,16720,516815.2,Onion,16712,516567.92,,1,Onion,9477,232490,Onion,8642,211997,Onion,8895,218106,,1,Onion,18044,379211,Onion,17185,361153,Onion,16046,337212,,1,Onion,8064,258048,Onion,8050,257600,Onion,7970,255040,,1,Onion,15304,397904,Onion,16700,408090,Onion,15623,406098,,1,Onion,11500,296124.99,Onion,10125,260718.74,Onion,10122,260641.49,,1,Cabbage,2556,31140,Cabbage,2556,31140,Tomato,1928,30896,,1,Brinjal,943,24993,Brinjal,898,23423,Brinjal,898,23423,,1,Onion,1356,29843,Onion,1356,29843,Onion,1356,29843,,1,Brinjal,1572,38828.4,Brinjal,1557,38457.9,Brinjal,1345,32280,,1,Onion,1600,40000,Onion,1600,40000,Onion,1490,37250,,1,Onion,10500,262523.45,Onion,9850.5,246272.5,Onion,12826,323857,,Mr. Ashok Barnwal,"Additional Chief Secretary, Co-Agricultural Production Commissioner","Mantralaya, Vallabh Bhawan Bhopal (M.P.)",0755-2708330,apc@mp.gov.in,,Shri Ratan Singh Kata,JDH (Incharge),Jabalpur Division,0761-2626543,jdhjabalpur.horti@mp.gov.in,,Mr. Trilok Chandra Vaskle,Deputy Director Horticulture,Indore,0731-2700814,horti.indore@mp.gov.in,,,,,,,Shri Mudhkar Pawar,"Superintending Engineer, Charge",Project Cell / Construction,89897-90014,"encmandiboard17@gmail.com, sejtmandiboard21@gmail.com",,,,,,Fax- 2400489,,,,,Smt. Harshika Singh (IAS),Chief Executive Officer,Bhopal,,2,Madhya Pradesh,Indore,Dr. Ambedkar Nagar (MHOW),ITC Limited,Tihi Kisan Producer Company Limited,U01100MP2022 PTC062206,Company Act,11-Aug-2022,,Budhaniya,Budhaniya,Indore,Indore,10,109,8-9
,Ujjain,M Corp.,Ujjain,"515,215","751,000",Tier 1,,5358.72,122.5/67.07,0.5,4.08,60.55,,8314.86,154267.1,52104,952994.06,3620,47275.79,35557,368296.57,8378,155417.54,55840.5,1045452.79,3631,47419.99,35648,369245.19,,Via Indore,Ujjain Railway Station,"NH-3, NH-59, SH-27, SH-31","SH-18/27 connected to Indore-Dewas belt, Onion Aggregation (Chimanganj).",,Ujjain Municipal Corporation,Shri Abhilash Mishra,commujjain@mpurban.gov.in,0734-2535244,nagarnigamujjain.org,,Ujjain Development Authority,734 2511048,udaujjain@dataone.in,,,,,,,,Ujjain(F&V),"Krishi Upaj Mandi Ujjain, Mandi Ujjain",282,"Daily, 16 hrs","Onion, Potato, Mandarin,Green Peas",800000,APMC,Primary Market Yard,18,5800,"Panbihar ,Bichrod,Gattiya",7342562292,"awmmpujj@nic.in, apmcujn@gmail.com",,Shri Ashwini Sinha,Secretary-B,State Mandi Board Service,98937-96365,,krishi vipnan prize scheme,,Capital Investment Subsidy Scheme for Cold Storage (NHB),Central,"credit-linked, back-ended subsidies for integrated projects",National Horticulture Board,35% to 50% subsidy (Up to ₹50 Lakh to ₹1 Crore depending on component).,"FPOs, FPCs, SHGs, NGOs, Cooperatives, Farmers","New cold storage, expansion, modernization(CA), pre-cooling",source,,4,Sahara Frozen Foods,VII,GT, F&V ,Morena,Madhya pradesh,12-10-2018,23.88,10,10,Completed,,Ujjain,Green Peas,4.57 ± 0.124,1.00 ± 0.7435,5.56 ± 0.7538,,Chilli,5.23 ±0.0191,0.86 ±0.5762,6.09 ±0.2475,,Tomato,Rabi / Kharif,Nov / July,Feb - March / Oct - Nov,,,2,Onion,15750,504000,onion,15400,492800,Onion,15100,483200,,2,Okra /Ladies Finger,1380,36570,Okra,1330,35300,Okra,1268,32064,,2,Tomato,3922,93108.3,Tomato,3922,93108.3,Tomato,3922,93108.3,,2,Tomato,1276,44660,Tomato,1275,44625,Tomato,1275,44625,,2,Potato,14750,297065,Potato,14700,296058,Potato,14500,292030,,2,Potato,10455,211295.55,Potato,10345,209072.45,Potato,10342,209011.82,,2,Tomato,8350,180193,Tomato,7834.5,169053,Tomato,7510,162251,,2,Tomato,10044,361593,Tomato,9566,344374,Tomato,8932,321546,,2,Peas (Green),11793,112282,Peas(Green),11767,112037.22,Peas(Green),11434,108900.72,,2,Cauliflower,7502,122207.58,Cauliflower,7495,122100,Cauliflower,7489,134802,,2,Tomato,1365,81900,Tomato,2064,123840,Tomato,2053,123180,,2,Tomato,1920,30768,Tomato,1920,30768,Onion,1080,27000,,2,Tomato,940.5,21497,Potato,965,21258,Potato,965,21258,,2,Tomato,595,14280,Tomato,595,14280,Tomato,593,14232,,2,Peas (Green),4556,25969.2,Peas(green),4751,27080.7,Peas(Green),4575,26306.25,,2,Tomato,1892,34056,Tomato,1892,34056,Tomato,1780,27610,,2,Potato,9500,209000,Potato,8950,196900,Potato,7210,158620,,Dr. K.S. Kirad,Additional Director Horticulture,,8269820257,,,Shri Ashish Kanesh,JDH (Incharge),Ujjain Division,0734-2510358,jdh.ujjain@mp.gov.in,,Mr. Neeraj Singh Sanvaliya,Deputy Director Horticulture,Dhar,-,horti.dhar.@mp.gov.in,,,,,,,Ms. Sangeeta Dhoke,Joint Director,Miscellaneous / e-NAM / Grievance / Regulation / Planning / Administration / Election / MP Online / Coordination,0755-2553082,ddsdhmpsamb@gmail.com,,Ujjain,Shri Chandrashekhar Vashishtha,Joint Director,"Madhya Pradesh State Agricultural Marketing Board, 28, Administrative Area, Bharatpuri, Ujjain (M.P.) - 456010",0734- 2518121,98262-22221,jdujnsamb@gmail.com,,,,General,,,3,Madhya Pradesh,Indore,SANWER,Shakti Agritech Farming and Livelihood,Sanwer Crop Producer Company Limited,U01113MP2023 PTC066241,Company Act,14-Jun-2023,,Gondipura,Gondipura,Berasia,bhopal,15,161,6
,Dewas,M Corp.,Dewas,"289,550","421,000",Tier 1,,4472.42,91.86/44.12,1.83,1580.79,66.33,,4181,82489.38,43599,1050300.32,1028.4,10946.56,12777,108044.95,4489,88999.35,44922,1081572.66,1098.5,11645.7,13062,110419.5,,Via Indore,Dewas junction,"NH-3, NH-52",Major Pharma/FMCG Logistics Park.,,Dewas Municipal Corporation,Dalip Kumar,commdewas@mpurban.gov.in,07272-220333,dmcdewas.com/,,Dewas Development Authority,07272-254205,dvpdewas@gmail.com,,,,,,,,Dewas(F&V),"Krishi Upaj Mandi Dewas, Krishi Upaj Mandi Samithi Dewas",232,"Mon-Sat, 9AM-9PM","Wheat, Chana, Dollar Chana, Maize,  Potato, Onion, Guava",283940,APMC,Primary Market Yard,4,10000,No,7272255301,"dewasmandi@gmail.com, awmdew@nic.in, dewasapmc@gmail.com",,Shri Ramveer Kirar,Secretary-S,State Mandi Board Service,98260-95166,,krishi vipnan prize scheme,,Rashtriya Krishi Vikas Yojana (RKVY-RAFTAAR),Central,"Promote modern tech, value-chain addition, and sustainable practices.",Ministry of Agriculture & Farmers Welfare.,Grant based on project,"FPOs, Cooperatives, agripreneurs,farmers","cold storage, processing facilities, reduce post harvest losses",source,,5,Vardhman Agrofresh Products,VIII,GT, F&V ,Bhopal,Madhya pradesh,19-07-2019,13.04,4.49,4.4,Completed,,Ratlam,Green Peas,4.29 ± 0.178,1.99 ± 0.6813,6.28 ±0.7042,,Citrus,4.83 ±0.1242,2.57 ±1.0369,7.4 ±1.0443,,Peas(Green),Rabi,Oct - Nov,Jan - Feb,,,3,Cauliflower,6628,143495,Cauliflower,6414,147522,Cauliflower,6322,145406,,3,Brinjal,962,33189,Brinjal,954,32737,Brinjal,790,27315,,3,Brinjal,3174.15,55476.75,Brinjal,3174.15,55476.75,Brinjal,3174.15,55476.75,,3,Peas (Green),2557,30684,Peas(green),2555,30660,Peas(green),2555,30660,,3,Peas (Green),14665,158382,Peas(green),14658,158306.4,Peas(Green),13200,142560,,3,Tomato,2235,87612,Tomato,2153,84397.6,Tomato,2120,83104,,3,Potato,7206,149680,Potato,6587,136820,Potato,6272,130070,,3,Potato,11013,320780,Potato,10489,305505,Potato,9794,285253,,3,"Leafy Vegetables (Amaranthus,Kashmiri Sag,Spinach etc.)",3310,36060,"Leafy Vegetables (Amaranthus,Kashmiri Sag,Spinach,Celery etc.)",3310,36060,Leafy Vegetables,3300,36016,,3,Potato,6661,119898,Okra ,6800,115000,Okra,6758,109728,,3,Potato,2465,62734.25,Potato,2465,62734.25,Potato,2425,61716.25,,3,Onion,1080,27000,Onion,1080,27000,Cabbage,2150,25750,,3,Potato,964.5,21258,Tomato,850,19747,Tomato,850,19747,,3,Potato,635,12700,Potato,635,12700,Potato,620,12486,,3,Potato,1298,21157.4,Potato,1193,19088,Potato,1171,18736,,3,Green Chilly,1570,18840,Green Chilly,1570,18840,Green Chilly,1495,12065,,3,Tomato,477,24908,Tomato,430,22454,Tomato,430,22454,,Shri Rajesh Kumar Bajpai,Joint. Director Finnance,,0755-2767413,,,Shri Manoj Kumar Meshram,JDH (Incharge),Narmadapuram Division( for sarni),07574-252160,horti.ndp@mp.gov.in,,Mr. M.P.S. Bundela,(Incharge) Astt. Director Horticulture,Gwalior,0751-2463722,horti.gwalior@mp.gov.in,,,,,,,Shri Praveen Kumar Verma,Deputy Director,Board Establishment Branch / Mandi Establishment Branch,98264-68529,stapnasakha@gmail.com,,,,,,Fax- 2518120,,,,,Shree Shashibhushan Sharma,Dy. Chief Executive Officer,Bhopal,,4,Madhya Pradesh,Indore,Indore,Arunodaya Sarveshwari Lok Kalyan Samiti,Aahilyarewa Agro Farmer Producer Company Limited,U01611MP2023 PTC066272,Company Act,12-Jun-2023,,Bishankhedi,Bishankhedi,Phanda,bhopal,9,117,7
,Satna,M Corp.,Satna,"280,222","407,000",Tier 1,,4533.8,92.9/51.44,9.84,1643,268.54,,8883,116796,56130,1020763,2541,20410,8090,53843.12,9644,126223,61472,1108847,2863,22801,8603,57669.38,,Khajuraho (nearest),Satna station,"NH-7, NH-39, NH-135BG","Cement Rail Sidings (WCR), Aggregation point for Rewa vegetables.",,Satna Municipal Corporation,Dr. Sher Singh Meena,commsatna@mpurban.gov.in,9999416199,satnamunicipalcorporation.com,,Department of Planning and Information Technology,9752577372,commsatna@mpurban.gov.in,,,,,,,,Satna(F&V),"Satna Mandi, Satna Mandi",No data ( district available),"Daily, 6AM-8PM","Potato, Papaya, Oranges, Tomato ",No data ( district available),APMC,Primary Market Yard,-,-,"Maihar, amarpattan",07672 257437,"awmsat@nic.in, mandisamitisatna@gmail.com",,"Shri Karunesh Kumar Tiwari, Shri Kunwar Sai","Assistant Director, Secretary-S",State Mandi Board Service,"94069-16909, 94257-20360, 96690-73475",,,,Warehouse Infrastructure Fund (WIF),Central,building public and private storages,NABARD,short term refinance and long term loans,"PACS, entrepreneurs, cooperatives, state governments","cold storages, CAs, warehouses",source,,6,Furozun Fruits and Vegetables,IX,IL&FS, F&V ,Betul,Madhya pradesh,09-10-2020,22.14,10,6.17,Ongoing,,Rewa,Guava,11.55 ±0.8346,2.49 ±4.0296,14.04 ±4.1151,,Coriander,4.97 ± 0.0763,1.03 ± 0.0809,6.01 ± 0.1112,,Orange,Kharif,June / Sept,Nov - Dec / March - April,,,4,Cabbage,4328,99544,Cabbage,4281,98463,Cabbage,4225,97175,,4,Tomato,1046,31903,Tomato,1032,30960,Tomato,907,27210,,4,Potato,2850,49087,Potato,2850,49087,Potato,2850,49087,,4,Onion,1116,23436,Onion,1115,23415,Onion,1115,23415,,4,Cauliflower,623,13456.8,Cauliflower,620,13392,Cauliflower,607,13111.2,,4,Peas (Green),3254,43343.28,Peas(green),3140,41824.8,Peas(Green),3134,41744.88,,4,"Leafy Vegetables (Amaranthus,Kashmiri Sag,Spinach etc.)",4708,68822,"Leafy Vegetables (Amaranthus,Kashmiri Sag,Spinach,Celery etc.)",4359,63724,Leafy Vegetables,4060,59240,,4,Brinjal,5942,175675,Brinjal,5769,170558,Brinjal,5545,163935,,4,Ridge/Sponge Gourd (Torai),1700,27612,Ridge/Sponge Gourd (Torai),1700,27612,Ridge/Sponge Gourd (Torai),1699,27596,,4,Okra /Ladies Finger,6852,115867.32,Green chilly,9312,87700,Green chilly,9211,86532,,4,Peas (Green),3055,35101.95,Cauliflower,1165,25755.42,Cauliflower,1155,25534.34,,4,Potato,1518,21960,Potato,1518,21960,Potato,1518,21960,,4,Okra /Ladies Finger,675,9944,Onion,457,9898,Onion,457,9898,,4,Brinjal,605,10020,Brinjal,605,10020,Brinjal,588,9739,,4,Tomato,1221,19536,Tomato,1133,18128,Tomato,1110,17760,,4,Brinjal,655,13100,Brinjal,655,13100,Potato,550,11220,,4,Peas (Green),1690,16900,Peas(Green),1690,16900,Peas(Green),1690,16900,,Shri J.P. Kolhekar,"Dy, Director Horticulture",,9826669880,,,Shri Anil Singh,JDH (Incharge),Rewa Division,07662-256516,jdh-rewa@mp.gov.in,,Mr. G.S. Raghuwanshi,(Incharge) Dy. Director Horticulture,Guna,07542-252573,horti.guna@mp.gov.in,,,,,,,Mr. Nitin Kolhe,Deputy Director,Coordination/Inspection/Training,97525-45395,ddnitmpsamb@gmail.com,,Gwalior,Shri Dayakishan Sharma,Joint Director,"Madhya Pradesh State Agricultural Marketing Board, Regional Office, Deendayal Nagar, Gate No. 1, Gwalior - 474001",0751- 2433903,70006-84223,ddmandiboardgwl@gmail.com,,,,General,,,5,Madhya Pradesh,Indore,Sanwer,ITC Limited,Dakachyaagro Farmer Producer Company Limited,U01611MP2023 PTC067522,Company Act,5-Sep-2023,,Mangela,Mangela,Jabalpur,jabalpur,1,15,10
,Sagar,M Corp.,Sagar,"273,296","397,000",Tier 1,,6089.44,94.8/65.86,4.62,2165.83,76.43,,3701,65588,61821,1540695,915,9176,16741,164529,3812,67555,64421,1604740,961,9635,17243,169466,,Via Jabalpur,Sagar Railway Station,"NH-934, NH-146, NH-44N.S.",Central warehousing hub for Bundelkhand (Soybean/Wheat).,,Sagar Municipal Corporation,Rajkumar Khatri,commsagar@mpurban.gov.in,7583894201,sagarmunicipalcorporation.com/,,,,,,,,,,,,Sagar(F&V),"Krishi Upaj Mandi Sagar, Krishi Upaj Mandi",350,"Mon-Sat, 6AM-5PM","Tomato, Onion, Potato, Guava",-,APMC,Primary Market Yard,-,-,Jaisinagar,7582270519,"mpapmc.sagar@gmail.com, awmsag@nic.in, mndsagar@gmail.com",,Shri Ravindra Pratap Singh,Secretary-S,State Mandi Board Service,94257-55421,,,,Agricultural Marketing Infrastructure,Central,value addition and processing at farmers level,Ministry of Agriculture & Farmers Welfare,"subsidy @ 25% for plain areas and 33.33% for NER, hilly area","Individuals, Agri-preneurs, farmers, FPOs, Cooperatives, and state agencies","cold storage, ripening chambers, CA storage",source,,7,Lichchhwi Foods India Pvt Ltd,X,GT, F&V ,Dhar,Madhya pradesh,31-03-2021,17,10,2.37,Ongoing,,Guna,Coriander,4.51 ± 0.0864,0.99 ± 0.0741,5.5 ± 0.1139,,Greenpeas,4.60 ± 0.1084,1.67 ± 0.5952,6.27 ± 0.605,,Cauliflower,Rabi,June - Aug / Oct - Nov,Sept - Nov / Jan - March,,,5,Kaddu/Pumpkin,1916,57480,Kaddu/Pumpkin,1790,53700,Kaddu/Pumpkin,1715,51450,,5,Kaddu/Pumpkin,803,24090,Kaddu,790,23671,Kaddu/Pumpkin,656,19746,,5,Okra /Ladies Finger,3067.05,46008.9,Okra,3067.05,46008.9,Okra,3067.05,46008.9,,5,Okra /Ladies Finger,1211,16954,Okra,1210,16940,Okra,1210,16940,,5,Tomato,385.5,10531.86,Cabbage,455,10374,Cabbage,435,9918,,5,Cauliflower,1452,30419.4,Cauliflower,1400,29330,Cauliflower,1398,29288.1,,5,Cauliflower,2381,59644,Cauliflower,2225,55742,Cauliflower,2081,52012,,5,Cauliflower,3747,89428,Cauliflower,3638,86823,Cauliflower,3497,83452,,5,Okra /Ladies Finger,2091,20757.7,Okra,2091,20757.7,Okra,2080,20740.7,,5,Green Chilly,9313,87728.46,Brinjal,6010,85050,Brinjal,6001,84014,,5,Cauliflower,1165,25755.42,Peas(Green,2055,23632.14,Bottle Gourd,980,22734.81,,5,Beans(All Including Lab0lab(Sem)),897,12313,Beans,897,12313,Beans,890,12299,,5,Onion,456.5,9898,Cauliflower,430,9205,Cauliflower,430,9205,,5,Peas (Green),759,9867,Peas (Green),759,9867,Peas(Green),746,9698,,5,Arbi/ Colacasia,1082,15959.5,Arbi/ Colacasia,1067,15738.25,Arbi/ Colacasia,979,14440,,5,Potato,575,11730,Potato,575,11730,Brinjal,628,9420,,5,Cauliflower,680,14280,Cauliflower,732,15372,Cauliflower,732,15372,,Shri K.S. Mandloi,Asst. Director Horticulture,,9009199491,,,Smt. Nikita Jain,JDH (Incharge),Sagar Division,07582-227879,jdhsagar.horti@mp.gov.in,,Mr. Sushil Kourav,Astt. Director Horticulture,Ashoknagar,07543-221127,horti.ashoknagar@mp.gov.in,,,,,,,Mrs. Rashmi Kashyap,Deputy Director,Premises / Training / Personnel Establishment-1 (Mandi),94256-08641,ddrshmpsamb@gmail.com,,,,,,Fax- 2423631,,ddmandiboardgwl@yahoo.com,,,,,,,6,Madhya Pradesh,Bhopal,Berasia,"Madhya Bharat Consortium of
 Farmers Producer Company Ltd.",Berasia Atmnirbhar Mahila Producer Company Limited,U01100MP2021 PTC055109,Company Act,26-Feb-2021,,Saliwada,Saliwadagaour,Jabalpur,jabalpur,15,224,12
,Ratlam,M Corp.,Ratlam,"264,914","385,000",Tier 1,,3845.12,67.79/42.97,6.67,179.06,43.43,,12784,199668.9,32035.3,530785.97,4511,41476.59,42180,330763.44,12784,199668.9,31602.3,528263.75,4512,41484.59,42190,330856.44,,Via Indore,Ratlam Station,"NH-927A, NH-148N",Garlic/Onion transport hub.,,Ratlam Municipal Corporation,Himanshu Bhatt,nn.ratlam@mpurban.gov.in,9893169847,rmcratlam.in,,,,,,,,,,,,Ratlam(F&V),"Krishi Upaj Mandi Samiti Mahu Neemuch Road Ratlam, Madhavrao sindhiya krishi upaj mandi, ratlam",175,"Daily, 10AM-5PM","Garlic, Onion, Green peas, Mandarin",1200000,APMC,Primary Market Yard,-,0,Nil,7412267440,"awmrat@nic.in, apmcratlam@gmail.com",,Shri Mansingh Munia,Deputy Director/Secretary-A,State Mandi Board Service,83498-88300,,,,Integrated Cold Chain and Value Addition Infrastructure (PMKSY),Central,"integrated cold chain, pre-cooling, CA storage, IQF, mobile cooling unit, value addition",Ministry of Food Processing Industries,"Grant-in-aid : 40% for general, 50% for difficult areas","Farmers, FPOs, FPCs, SHGs, NGOs, Corporations, Cooperatives","Pre-cooling units, CA storage, Mobile cooling units, Reefer Vans, Irradiation facilities.",source,,8,Triveni Food Processors,X,PwC, F&V ,Barwani,Madhya pradesh,31-03-2021,11.61,6.1,5.86,Completed,,,,,,,,Guava,12.33 ±0.1917,2.6 ±0.3687,4.93 ±0.4156,,Cabbage,Rabi,Oct - Nov,Jan - March,,,6,Carrot,1146,40110,Carrot,1017,35595,Carrot,964,33740,,6,Cauliflower,852,19170,Cabbage,714,17699,Cauliflower,713,16085,,6,Onion,1894,41668,Onion,1894,41668,Onion,1894,41668,,6,Brinjal,711,14931,Brinjal,710,14910,Brinjal,710,14910,,6,Cabbage,459,10465.2,Tomato,365,9971.8,Tomato,350,9562,,6,Cabbage,1237,29193.2,Cabbage,1190,28084,Cabbage,1142,26951.2,,6,Brinjal,2905,56716,Brinjal,2715,53006,Brinjal,2530,49283,,6,Okra /Ladies Finger,2296,56919,Okra,2229,55261,Okra,2142,53114,,6,Tomato,413.8,11397.55,Tomato,411.8,11379.55,Tomato,385,11073.55,,6,Brinjal,6011,87219.61,Potato,6400,72000,Potato,6042,70993.5,,6,Bottle Gourd,986,22874,Bottle Gourd,986,22874,Peas(Green),1650,18974.69,,6,Peas (Green),957,11084,Peas(Green),957,11084,Peas(Green),957,11084,,6,Bottle Gourd,420.2,9355,Okra,626,9202,Okra,626,9202,,6,Green Chilly,560,9520,Green Chilly,560,9520,Green Chilly,548,9316,,6,Okra /Ladies Finger,1047,13611,Okra,1036,13468,Okra,896,11648,,6,Cabbage,370,5550,Cabbage,370,5550,Cauliflower,328,4295,,6,Brinjal,195,13049,Brinjal,195,13049,Brinjal,170,11376.71,,Smt. Indrani Bokade,Asst. Director Horticulture,,9424095756,,,,,,,,,Dr. Neha Patel,"Dy. Director, Horticulture",Jabalpur,0761-2620515,horti.jabalpur@mp.gov.in,,,,,,,Shri Piyush Sharma,Assistant Director,Law / Export / Yard (Establishment of New Market) / Property / Election,94251-52195,admpsambmarket@gmail.com,,,,,,,,jdrpc.mpsamb@gmail.com,,,,,,,7,Madhya Pradesh,Bhopal,Phanda,Solidaridad Regional Expertise Centre,Prathistha Kisan Producer Company Limited,U01110MP2022 PTC060657,Company Act,28-Apr-2022,,Chintamanjawasiya,Chintamanjawasiya,Ujjain,ujjain,31,388,10
,Rewa,M Corp.,Rewa,"235,654","342,000",Tier 1,,4483.39,97.18/45.11,96.57,707.54,66.89,,19820,237050,88583,1363010,1800,13000,40060,258800,20143,240832.43,89013,1420671.39,1874,13118,40075,258935.41,,Khajuraho airport,Rewa railway statio,"NH-7, NH-27, NH-35, NH-75",Mango Export Zone (Govindgarh) nearby.,,Rewa Municipal Corporation,Shri BS Jamod,commrewa@mp.nic.in,07662-241766,rewadivisionmp.nic.in,,,,,,,,,,,,Rewa ,Krishi Upaj Mandi  Sabji Mandi,,"Mon-Sat, 10:30AM-5:30PM","Turmeric, Onion, Cauliflower, Guava",,APMC,Primary Market Yard,-,-,,,"awmrew@nic.in, awmrew@gmail.com",,Shri Karunesh Kumar Tiwari,Assistant Director,State Mandi Board Service,94069-16909,,,,Fal Podharopan Yojana,State,provides farmers the support for fruit cultivation and establishing orchards,Horticulture and food processing department,"subsidy of 40% to 50% of the unit cost, disbursed over three years, in the ratio of 60:20:20",Farmers (0.25 to 4 hectares of land),no data found,source,,9,Ariba Foods Pvt. Ltd.,X,SIL,RTE,Ujjain,Madhya pradesh,31-03-2021,31.22,9.89,9.83,Completed,,source,,,,,,Muskmelon,3.48 ±0.1819,2.28 ±0.4477,5.76 ±0.4833,,Guava,Rabi,Aug - Sept,Nov- Jan,,,7,Cucumber,1736,34720,Cucumber,1552,31040,Cucumber,1520,30400,,7,Cabbage,731,17909.5,Green chilly,793,14372,Cabbage,587,14675,,7,Cauliflower,1932,39793.95,Cauliflower,1932,39793.95,Cauliflower,1932,39793.95,,7,Bottle Gourd,626,13772,Bottle Gourd,625,13750,Bottle Gourd,625,13750,,7,"Leafy Vegetables (Amaranthus,Kashmiri Sag,Spinach etc.)",857,9427,Leafy vegetables,850,9350,Leafy Vegetables,665,7315,,7,Brinjal,1130,26272.5,Brinjal,1090,25342.5,Brinjal,1085,25226.25,,7,Other Vegetables,4907,50102,Bottle Gourd,2362,40345,Bottle Gourd,2105,36080,,7,Kaddu/Pumpkin,1436,42562,Kaddu,1394,41322,Kaddu,1340,39718,,7,Potato,419,10784,Potato,419,10784,Potato,410,10386,,7,Tomato,4405,71140.75,Kaddu/Pumpkin,4000,70000,Kaddu/Pumpkin,3962,65452,,7,Cucumber,560,19488,Okra,1550,19204.5,Okra,1499,18579.2,,7,Cauliflower,832,10104,Cauliflower,832,10104,Cauliflower,832,10104,,7,Cauliflower,430,9205,Bottle Gourd,410,9131,Bottle Gourd,410,9131,,7,Okra /Ladies Finger,648,7776,Okra /Ladies Finger,648,7776,Okra,637,7654,,7,Onion,557,11418.5,Onion,517,10340,Onion,500,10000,,7,Cauliflower,365,5475,Cauliflower,365,5475,Cabbage,338,4283,,7,Cabbage,412,8566.58,Cabbage,412,8566.58,Cabbage,412,8566.58,,Smt. Jaymala Singh,Asst. Director Horticulture,,8770248371,,,source,,,,,,Shri Kshitij Karade,"(Incharge) Astt. Director, Horticulture",Balaghat,07622-225388,horti.balaghat@mp.gov.in,,,,,,,Mr. Avinash Pathe,Assistant Director,Regulation / MP Online,97521-69058,avinash.mpsamb@gmail.com,,Sea,Shri Rohini Prasad Chakraborty,Joint Director,"Madhya Pradesh State Agricultural Marketing Board, Housing Board Colony, G-2 Padmakar Nagar, Makronia, Sagar (M.P.) - 47000",07582- 231440,-,dydamb@gmail.com,,,,,,,8,Madhya Pradesh,Bhopal,Phanda,ITC Limited,Dubdi Kishan Producer Company Limited,U01100MP2022 PTC061843,Company Act,18-Jul-2022,,Daudkhedi,daudkhedi,ujjain,ujjain,14,149,7
,,,,source,source,source,,,,source,,,,,,,,,,,source,,,,,source,,,,,https://www.mptourandtravels.com/airports-of-madhya-pradesh.html,ratlam.nic.in,bhopal.nic.in,satna.nic.in,,,,,,,,,,,,https://www.mpudc.co.in/contact.aspx,,,,,,market ,,,,source,,,,,,,,,,,,,,,,,Mukhya Mantri Krishak Udyami Yojana,State,"government gives loans up to ₹ 50,000 to ₹10,00,000 farmers to establish business","Department of Micro, Small & Medium Enterprises","Capiral cost : 15%(general), 20%(below poverty line)",sons and daughters of farmers,financial assistance to start cold storages at farm level,source,,10,Brij Dairy,IV,IL&FS,Dairy,Betul,Madhya pradesh,18-10-2013,8.06,2.43,2.43,Completed,,,,,,,,Okra,3.75 ± 0.0999,2.08 ± 0.3674,5.84 ± 0.3808,,,,,,,,8,Brinjal,1098,27450,Brinjal,1003,25075,Brinjal,998,24950,,8,Green Chilly,801,14418,Potato,662,14256,Potato,607,13072,,8,Bottle Gourd,1610.07,38287.2,Bottle Gourd,1610.07,38287.2,Bottle Gourd,1610.07,38287.2,,8,Ridge/Sponge Gourd (Torai),611,9165,Torai,625,13750,Torai,610,9150,,8,Other Vegetables,705,8854.8,Beans,555,7603.5,Cucumber,507,6555.51,,8,Okra /Ladies Finger,1500,24180,Okra,1459,23519.08,Okra,1416,22825.92,,8,Bottle Gourd,2598,44380,Bitter Gourd,2363,31235,Bitter Gourd,2152,28424,,8,Cabbage,1224,30347,Cabbage,1188,29463,Cabbage,1142,28319,,8,Beans(All Including Lab0lab(Sem)),963,9737.94,Beans(All Including Lab0lab(Sem)),963,9737.94,Beans,962,9737.94,,8,Kaddu/Pumpkin,4003,70052.5,Tomato,4050,65420,Tomato,3965,63440,,8,Okra /Ladies Finger,1550,19204.5,Brinjal,988,18525,Brinjal,955,17906.25,,8,Brinjal,898,8976,Brinjal,898,8976,Brinjal,893,8926,,8,Arbi/ Colacasia,568,8471,Arbi/ Colacasia,568,8471,Arbi/ Colacasia,568,8471,,8,"Leafy Vegetables (Amaranthus,Kashmiri Sag,Spinach etc.)",300,5190,"Leafy Vegetables (Amaranthus,Kashmiri Sag,Spinach etc.)",300,5190,Leafy Vegetables,282,4879,,8,Sweet Potato,619,9285,Sweet Potato,603,9045,Sweet Potato,482,7230,,8,Peas (Green),610,3660,Peas (Green),610,3660,Peas(Green),570,3460,,8,Green Chilly,300,7639.5,Green Chilly,300,7639.5,Torai,387,4800,,Ms. Shanu Meshram,Asst. Director Horticulture,,8966970898,,,,,,,,,Shri Sanjay Mourya,"Deputy Director, Horticulture",Ujjain,0734-2524573,horti.ujjain@mp.gov.in,,,,,,,Mrs. Sona Jaiswal,Assistant Director,Coordination/Public Relations,92298-52635,ddsjmpsamb@gmail.com,,,,,,Fax- 231444,,,,,,,,,9,Madhya Pradesh,Jabalpur,Majholi,Integrated Socio Economic Development Services (ISED),Shribaraahdev Farmers Producer Company Limited,U01100MP2022 PTC060948,Company Act,20-May-2022,,Sohawal,Sohawal,Sohawal,Satna,28,311,10
,,,,source,,,,,,,,,,,,,,,,,,,,,,,,,,,https://morth.nic.in/sites/default/files/Details-of-National-Highways-as-on-31.03_1.pdf,,jabalpur.nic.in,sagar.nic.in,,,,,,,,,,,,,,,,,,,,,,mofpi,,,,,,,,,,,,,,,,,Cold Storage support NCDC,Central,provides subsidies for the construction of cold storage at farm or consumer level,National Cooperative Development Corporation,Back- ended subsidy @ 40% of the project cost for general and 55% in case of hilly and scheduled areas,Cooperative Societies,set up new cold storage / modernization / expansion of their existing cold storage,source,,12,Narmada Amrit Food Private Limited,XI,GT,Dairy,Jabalpur,Madhya pradesh,23-03-2023,9.94,3.48,0,Ongoing,,,,,,,,Onion,5.87 ± 0.3216,2.24 ± 0.442,8.11 ± 0.5466,,,,,,,,9,Peas(Green),2346,23460,Okra,888,22200,Okra,860,21500,,9,Potato,662,14256,Cauliflower,839,12965,Green Chilly,663,12089,,9,Kaddu/Pumpkin,1486.8,29752.8,Kaddu,1486.8,29752.8,Kaddu,1486.8,29752.8,,9,"Leafy Vegetables (Amaranthus,Kashmiri Sag,Spinach etc.)",656,7872,Leafy vegetables,655,7860,Leafy vegetables,655,7860,,9,Beans(All Including Lab0lab(Sem)),563,7713.1,Cucumber,537,6943.41,Beans,475,6507.5,,9,Green Chilly,2015,22165,Green chilly,1954,21494,Green Chilly,1954,21494,,9,Bitter Gourd,2599,34359,Green chilly,2299,29511,Green chilly,2126,27325,,9,Peas (Green),2750,28965,Peas(Green),2670,28121,Peas(Green),2567,27030,,9,Bottle Gourd,575,8741.2,Bottle Gourd,575,8741.2,Bottle Gourd,574,8724.2,,9,Bottle Gourd,1888,40610.8,Bottle Gourd,1860,40000,Bottle Gourd,1854,35226,,9,Brinjal,988,18525,Bitter gourd,685,17193.17,Bitter Gourd,680,17067.67,,9,Okra /Ladies Finger,507,6053,Okra,507,6053,Okra,507,6053,,9,"Leafy Vegetables (Amaranthus,Kashmiri Sag,Spinach etc.)",700,8289,"Leafy Vegetables (Amaranthus,Kashmiri Sag,Spinach,Celery etc.)",700,8289,"Leafy Vegetables (Amaranthus,Kashmiri Sag,Spinach,Celery etc.)",700,8289,,9,Kaddu/Pumpkin,267,4005,Kaddu/Pumpkin,267,4005,Kaddu,265,3987,,9,Cauliflower,456,7980,Cauliflower,456,7980,Cauliflower,397,6947.5,,9,Okra /Ladies Finger,407,3459,Okra /Ladies Finger,407,3459,Okra,377,3016,,9,Ridge/Sponge Gourd (Torai),387,4800,Ridge/Sponge Gourd (Torai),387,4800,Okra,276.5,3457,,Smt. Khemlata Pandole,Asst. Director Horticulture,,9926370321,,,,,,,,,Shri Manish Chouhan,"(Incharge) Dy. Director, Horticulture",Shajapur,07364-227442,horti.shajapur@mp.gov.in,,,,,,,Shri Govind Sharma,Assistant Director,A.I.F.,0755-4010488,mpagriaif@gmail.com,,Jabalpur,Mr. Md. Shahid Khan,Joint Director,"Madhya Pradesh State Agricultural Marketing Board, Katanga, Near Doordarshan Kendra, Jabalpur - 482001",0761- 2677945,94258-60985,dydirjbp@gmail.com,,,,,,,10,Madhya Pradesh,Jabalpur,Patan,"National Institute of Women Child and Youth Development
 (NIWCYD)",Jabali Agro Producer Company Limited,U01639MP2023 PTC065893,Company Act,24-May-2023,,Silpara,Silpara,Rewa,Rewa,10,113,6
,,,,,,,,,,,,,,,,,,,,,,,,,,,,,,,indore.nic.in,dewas.nic.in ujjain.nic.in,mpmetrorail.com,"rewa.nic.in, gwalior.nic.in",,,,,,,,,,,,,,,,,,,,,,,,,,,,,,,,,,,,,,,,,,,,,,,,11,Jamnadas Industries,VII,GT,Irradiation,Indore,Madhya pradesh,17-12-2018,30.8,8.86,8.86,Completed,,,,,,,,Potato,5.92 ± 0.0168,1.07 ± 0.2344,7.00 ± 0.235,,,,,,,,10,Okra/Ladies finger,923,23075,Peas(green),2103,21030,Peas(green),2020,20200,,10,Bottle Gourd,763,10453.1,Bottle gourd,745,10428,Peas(Green),593,8744,,10,Cabbage,1085.4,27147.67,Cabbage,1085.4,27147.67,Cabbage,1085.4,27147.67,,10,Radish,331,4965,Radish,330,4950,Radish,330,4950,,10,Cucumber,542,7008.06,Brinjal,340,6800,Okra,400,6040,,10,Bottle Gourd,933,18548.04,Bottle Gourd,895,17792.6,Bottle Gourd,895,17792.6,,10,Green Chilly,2483,31872,Cabbage,1171,27383,Cabbage,1128,26358,,10,Bitter Gourd,809,24924,Bitter Gourd,785,24198,Bitter Gourd,755,23259,,10,Cabbage,343,8288,Cabbage,341,8247,Cabbage,312,7832,,10,"Leafy Vegetables (Amaranthus,Kashmiri Sag,Spinach etc.)",3035,40244.1,Leafy Vegetables,3010,40000,Leafy Vegetables,2915.58,34979,,10,Bitter Gourd,685,17193.17,Cucumber,355,12354,Cucumber,322,11205.6,,10,Green Chilly,551,5063,Green Chilly,551,5063,Green chilly,548,5036,,10,Cabbage,307,6756,Cabbage,307,6756,Cabbage,307,6756,,10,Cauliflower,124,2480,Cauliflower,124,2480,Cauliflower,112,2240,,10,Carrot,271,5420,Carrot,267,5340,Carrot,250,5000,,10,Sweet Potato,110,2750,Sweet Potato,110,2750,Sweet Potato,105,2625,,10,Okra /Ladies Finger,276.5,3457,Okra,276.5,3457,Kaddu,87,2436,,Smt. Nikita Jain,Astt. Director Horticulture,,7693055131,,,,,,,,,Shri Raju Badvaya,"Deputy. Director, Horticulture",Dewas,07272-252083,horti.dewas@mp.gov.in,,,,,,,Shri Yogesh Nagle,Secretary-B/Assistant Director,Board Meeting / Information Technology Cell / Information Management & Analysis Cell / Administration / Personnel Establishment-1 (Mandi) / Departmental Inquiry,93031-23925,"itmpmandiboard@gmail.com, yogeshnagle1109@gmail.com",,,,,,Fax- 2629016,,,,,,,,,11,Madhya Pradesh,Jabalpur,Jabalpur,Green Agrevolution Private Limited (DeHaat),Kalapdrumagro Farmer Producer Company Limited,U01611MP2023 PTC068510,Company Act,7-Nov-2023,,,,,,,,
,,,,,,,,,,,,,,,,,,,,,,,,,,,,,,,,,,,,,,,,,,,,,,,,,,,,,,,,,,,,,,,,,,,,,,,,,"Note: sunmeister energy is a collaborative project with UNDP, government of japan and madhya pradesh to provide 24/7 off grid cold storage using solar hybrid cold storages, they select the place and implement the project ",,,,sunmeister,,,,,,source,,,,,,,,,,,,,,,,,,Tomato,8.7 ±0.1643,3.15 ±1.3961,11.85 ±1.4058,,,,,,,,,Fruits,,,Fruits,,,Fruits,,,,,Fruits,,,Fruits,,,Fruits,,,,,Fruits,,,Fruits,,,Fruits,,,,,Fruits,,,Fruits,,,Fruits,,,,,Fruits,,,Fruits,,,Fruits,,,,,Fruits,,,Fruits,,,Fruits,,,,,Fruits,,,Fruits,,,Fruits,,,,,Fruits,,,Fruits,,,Fruits,,,,,Fruits,,,Fruits,,,Fruits,,,,,Fruits,,,Fruits,,,Fruits,,,,,Fruits,,,Fruits,,,Fruits,,,,,Fruits,,,Fruits,,,Fruits,,,,,Fruits,,,Fruits,,,Fruits,,,,,Fruits,,,Fruits,,,Fruits,,,,,Fruits,,,Fruits,,,Fruits,,,,,Fruits,,,Fruits,,,Fruits,,,,,Fruits,,,Fruits,,,Fruits,,,,source,,,,,,,,,,,,Shri Mangal Singh Dodve,"(Incharge) Dy. Director, Horticulture",Ratlam,07412-270450,horti.ratlam@mp.gov.in,,,,,,,Shri Atul Nipane,Accounts Officer,finance,98264-07600,adfmpsamb@gmail.com,,Reva,Shri Anand Mohan Sharma,Deputy Director,"Madhya Pradesh State Agricultural Marketing Board, Karhiya, Rewa Division Rewa - 486001",07662- 221051,94253-24565,jdmpsambrewa@gmail.com,,,,,,,12,Madhya Pradesh,Jabalpur,Shahpura,Green Agrevolution Private Limited (DeHaat),Pisanharidumna Agro Farmer Producer Company Limited,U01611MP2023 PTC067579,Company Act,11-Sep-2023,,,,,,,,
,Dhar,Municipality,Dhar,"93,917","134,000",Tier 2,,,,,,,,11725.84,421443.52,27740,679761.36,,,,,12156.84,432120.8,29812,694612.78,,,,,,Via Indore,Via Indore,"NH-347C, NH-47","Part of Delhi-Mumbai Industrial Corridor (DMIC), Key access to Pithampur Auto Cluster & Gujarat ports.",,Nagar Palika Parishad Dhar,Shri Nishikant Shukla,cmodhar@mpurban.gov.in,9425087472,,,Dhar Urban Development Body,7292234288,cmodhar@mpurban.gov.in,,,,,,,,Dhar(F&V),"Agriculture Produce Market Committee,Dhar Dist.Dhar, Krishi uapj mandi dhar",478,No Data,"Custard apple, Onion, Garlic, Tomato, Green Chillies, Soybean, Wheat, Maize",110000,APMC,Primary Market Yard,-,-,-,7292222454,awmdha@mp.nic.in,,Shri Mansharam Jamre,Secretary-S,State Mandi Board Service,98260-74497,,,,,,,,,,,,,,,,,,,,,,,,,,,,,,,,source,,,,,,,,,,,1,Guava,2164,43375,Guava,2105,42193,Guava,2080.4,41700,,1,Guava,1567,42309,Guava,1487,40088,Guava,1295,35990,,1,Guava,1456.83,18295.39,Guava,1456.83,18295.39,Guava,1456.83,18295.39,,1,Guava,501,11022,Guava,510,11220,Guava,510,11220,,1,(ii) Mandarin,4003,78058.5,Kinnow /Mandarin Orange,3985,77707.5,Kinnow /Mandarin Orange,3960,77220,,1,Guava,740,17782.2,Guava,706,16965.18,Guava,706,16965.18,,1,Papaya,1022,39630,Papaya,955,37037,Papaya,888,34571,,1,Aonla/Gooseberry,953,21886,Gooseberry,925,21249,Gooseberry,889,20425,,1,(ii) Mandarin,5610,101365,Kinnow /Mandarin Orange,5610,101365,Kinnow /Mandarin Orange,5365,97006,,1,Guava,5482,65987.04,Guava,5400,65000,Guava,5265,60547.5,,1,Banana,2293,165096,Banana,2293,165096,Banana,2275.5,163836,,1,Mango,5414,134127,Mango,5414,134127,Mango,5222,130475,,1,Mango,2467,42532,Mango,2467,42532,Mango,2467,42532,,1,Guava,422,9596,Guava,422,9596,Guava,410,9326,,1,Guava,392,11368,Guava,381,11049,Guava,354,10266,,1,Guava,685,10275,Guava,685,10275,Guava,685,10275,,1,(ii) Mandarin,12727,286357.5,Kinnow /Mandarin Orange,12727,286357.5,Kinnow /Mandarin Orange,12727,286357.5,,,,,,,,,,,,,,Shri M.L. Uikey,(Incharge) Dy Director Horticulture ,Betul,07141-234580,horti.betul@mp.gov.in,,,,,,,Mrs. Shalini Srivastava,Assistant Engineer,Project Cell / Construction,94244-12832,"mandi.board.bhopal.div.02@gmail.com, eempsambbpldiv2@gmail.com",,,,,,Fax- 241925,,,,,,,,,13,Madhya Pradesh,Gwalior,Dabra,ITC Limited,Vivanya Farmer Producer Company Limited,U01100MP2023 PTC064463,Company Act,19-Jan-2023,,,,,,,,
,Sarni,Municipality,Betul,"86,141","123,000",Tier 2,,,,,,,,11769.6,222763.2,14316,190058.5,,,,,11769.6,222763.2,14316,190058.5,,,,,,Via jalbalpur,Ghoda Dongri (GHD),"NH-46, SH-22","Coal Logistics, Road link to Betul.",,Nagar Palika Sarni,Shri C.K. Meshram,cmosarni@mpurban.gov.in,7146256400,,,Sarni Urban Development Body,7146256400,cmosarni@mpurban.gov.in,,,,,,,,Betul ,"Krishi Upaj Mandi Betul, Krishiupaj Market",,"Daily, 7:30AM-5:30PM","Mango, Cabbage, Tomato, Onion",,APMC,Primary Market Yard,-,-,-,,"awmbet@nic.in, mpapmcbetul@gmail.com",,Shri Suresh Kumar Parte,Secretary-B,State Mandi Board Service,"94257-61102, 83195-07023",,,,,,,,,,,,,,,,,,,,,,,,,,,,,,,,,,,,,,,,,,,2,Mango,1275,19125,mango,1272,19080,Mango,1258,18870,,2,Papaya,376,19928,Papaya,364,19325,Papaya,315,16830,,2,Mango,1349.8,14037.92,Mango,1349.8,14037.92,Mango,1349.8,14037.92,,2,Lime/Lemon,430,7310,Limes and lemons,430,7310,Limes and lemons,430,7310,,2,(i) Lime/Lemon,1483,32329.4,Limes and Lemons,1475.5,32165.9,Limes and lemons,1452.62,31667.18,,2,(iii) Sweet Orange( Mosambi),651,11885.56,Mosambi,624,11392.62,Mosambi,624,11392.62,,2,Aonla/Gooseberry,2006,23569,Gooseberry,1875,22027,Gooseberry,1751,20668,,2,Guava,918,16932,Guava,891,16439,Guava,857,15801,,2,Guava,1473,23029,Guava,1473,23029,Ber,1568,22359,,2,Mango,5441,56423.17,Mango ,5300,55000,Mango,5280,52852.8,,2,Papaya,1475,107651.05,Papaya,1475,107651.05,Papaya,1470,107286.12,,2,(ii) Mandarin,3391,54119,Kinnow /Mandarin Orange,3391,54119,Kinnow /Mandarin Orange,3396,54199,,2,Guava,425,7302,Guava,425,7302,Guava,425,7302,,2,Mango,280,3322,Mango,280,3322,Mango,276,3275,,2,Papaya,55,3300,Papaya,51,3060,Limes and lemons,153,2142,,2,(i) Lime/Lemon,425,6700,(i) Lime/Lemon,425,6700,Limes and lemons,425,6700,,2,(iii) Sweet Orange( Mosambi),2275,37993,Sweet Orange /Mosambi,2275,37993,Sweet Orange,2275,37993,,,,,,,,,,,,,,Shri Brajraj Singh Sengar,(Incharge) Astt. Director,Rewa,07662-240798,horti.rewa@mp.gov.in,,,,,,,Shri Arvind Parihar,Secretary-B/Assistant Director,Inspection/Training,94065-30744,-,,,,,,,,,,,,,,,14,Madhya Pradesh,Gwalior,Dabra,Shakamwari Agro (India) Pvt.Ltd.,Dabra Organic Farming Producer Company Limited,U01611MP2023 PTC069137,Company Act,28-Dec-2023,,,,,,,,
,Balaghat,Municipality,Balaghat,"84,261","121,000",Tier 2,,,,,,,,4467,70595.9,10681,183095,,,,,4477,70624.81,10854.2,187298,,,,,,Via Gondia,Balaghat Junction,NH-543,Rice Milling Cluster,,Municipal Council Balaghat,Shri Nishant Kumar Srivasthava,cmobalaghat@mpurban.gov.in,07632-241377,,,Balaghat Urban Development Body,7632247101,cmobalaghat@mpurban.gov.in,,,,,,,,Balaghat(F&V),"Krishi Upaj Mandi Balaghat, Krishi Upaj Mandi Balaghat ",481,"Daily, 10 hrs","Kodo - Kutki, Brinjal, Tomato, Potato, Mango",-,APMC,Primary Market Yard,0,0,lanji kirnapur lamta changutola,9669073475,"awmbal@nic.in, mandibalghat@gmail.com",,Mr. Manish Mandavi,Secretary-S,State Mandi Board Service,94258-75543,,,,,,,,,,,,,,,,,,,,,,,,,,,,,,,,,,,,,,,,,,,3,Watermelon,530,18558,watermelon,514,17990,Watermelon,480,16800,,3,(iii) Sweet Orange( Mosambi),637,17328,Mosambi,637,17971,Mosambi,611,16675,,3,Jackfruit,426.19,13681.43,Jackfruit,426.19,13681.43,Jackfruit,426.19,13681.43,,3,Papaya,65,2015,Papaya,65,2015,Papaya,65,2015,,3,Guava,1228,20114.64,Guava,1210,19819.8,Guava,1151.79,18866.24,,3,Papaya,202,9292,Pomegranate,390,8772,Pomegranate,390,8772,,3,Guava,1419,20013,Guava,1290,18194,Guava,1174,16504,,3,(i) Lime/Lemon,801,13498,Limes and lemons,778,13105,Limes and lemons,748,12598,,3,Ber,1570,22359,Ber,1570,22359,Guava,1409,22102,,3,Aonla/Gooseberry,3942,40405.5,Gooseberry,3900,40000,Gooseberry,3590,37694.49,,3,Guava,1809,38893.5,Guava,1625,34937.5,Guava,1615,34722.5,,3,Aonla/Gooseberry,817.5,7485,Aonla/Gooseberry,817.5,7485,Gooseberry,817.5,7485,,3,Banana,136.5,5244,Banana,146.5,5640,Banana,146.5,5640,,3,Aonla/Gooseberry,259,3092,Aonla/Gooseberry,259,3092,Gooseberry,252,3011,,3,(i) Lime/Lemon,174,2436,Limes and lemons,169,2366,Papaya,35,2114,,3,(ii) Mandarin,408,6120,(ii) Mandarin,408,6120,Kinnow,408,6120,,3,Papaya,368,23955,Guava,800,20322,Guava,725,18341,,,,,,,,,,,,,,Shri Anil Kumar Singh,(Incharge) Astt. Director,Satna,07672-222334,hortisatna@mp.gov.in,,,,,,,Shri Nainsingh Solanki,Section Officer,Planning/Coordination,96302-75725,mandiboardsamanvay@gmail.com,,,,,,,,,,,,,,,15,Madhya Pradesh,Gwalior,Morar,ITC Limited,Uthilaagro Farmer Producer Company Limited,U01611MP2023 PTC067398,Company Act,28-Aug-2023,,,,,,,,
,Ashoknagar,Municipality,Ashoknagar,"81,828","118,000",Tier 2, ,,,,,,,1490.5,24799.5,7235,129444,,,,,1490.5,24799.5,7235,129444,,,,,,Via Bhopal,Kota Bina Railway track,NH-34,Sharbati Wheat storage & transport hub,,Municipal Council Ashoknagar,Shri P.K. Singh,cmoashoknagar@mpurban.gov.in,07543-222800,,,Ashoknagar Urban Development Body,7543222811,cmoashoknagar@mpurban.gov.in,,,,,,,,Ashoknagar(F&V),"Ashoknagar Mandi, Ashok Nagar Mandi",252,"Daily, 10 hrs","Tomato, Onion, Potato, Guava, Mango",688340,APMC,Primary Market Yard,0,0,nil,07543 220307,"awmashgun@nic.in, mandiashoknagar@gmail.com",,Shri Bhagirath Prasad Ahirwar,Market Inspector,State Mandi Board Service,"94245-42124, 77488-68027",,,,,,,,,,,,,,,,,,,,,,,,,,,,,,,,,,,,,,,,,,,4,Papaya,99,6237,papaya,98,6174,Papaya,94,5922,,4,(i) Lime/Lemon,787,14559.5,limes and lemons,762,13847,Limes and lemons,608,11230,,4,Lime/Lemon,1060.29,12779.13,lime and lemons,1060.29,12779.13,lime and lemons,1060.29,12779.13,,4,Pomegranate,155,1860,Pomegranate,155,1860,Pomegranate,155,1860,,4,Pomegranate,700,8120,Pomegranate,700,8120,Pomegranate,772.22,8957.75,,4,(i) Lime/Lemon,475,9025,Limes and lemons,437,8303,Limes and lemons,437,8303,,4,Other Fruits,2521,15343,Mango,1451,14095,Mango,1335,12987,,4,Mango,543,10325,Mango,527,10024,Mango,507,9636,,4,(i) Lime/Lemon,1321,21303,Limes and lemons,1321,21303,Limes and lemons,1224,19817,,4,Papaya,748,22541.08,Papaya,740,22300,Papaya,725.5,20314,,4,Watermelon,635,19018.25,Muskmelon,1025,17425,Muskmelon,1010,17170,,4,Guava,446,6150,Guava,446,6150,Guava,446,6154,,4,Jackfruit,359,4734,Jackfruit,359,4734,Jackfruit,359,4734,,4,(i) Lime/Lemon,220,2844,(i) Lime/Lemon,220,2844,Limes and lemons,218,2819,,4,Mango,201,2412,Mango,183,2196,Mango,172,2064,,4,Mango,405,6000,Mango,405,6000,Mango,405,6000,,4,Guava,800,20322,Limes and lemons,421,13725,Papaya,277,18032,,,,,,,,,,,,,,Shri Parvat Singh,(Incharge) Dy. Director,Sagar,07582-227220,horti.sagar@mp.gov.in,,,,,,,Mrs. Sunaina Gaur,Section Officer,Personnel,97556-21489,jdasmpsamb@gmail.com,,,,,Public information officers State level,,,,,,,,,,16,Madhya Pradesh,Ujjain,Ujjain,Arunodaya Sarveshwari Lok Kalyan Samiti,Shree Vishalaa Farmers Producer Company Limited,U01110MP2022 PTC060262,Company Act,5-Apr-2022,,,,,,,,
,Mhow Cantt,Cantonment Board,Indore,"81,702","118,000",Tier 2,,,,,,,,4819,102112,88953,2227436,,,,,4934,104657,91433,2278798,,,,,,Via Indore,Dr. Ambedkar Nagar Railway Station (DADN),,"Defence Logistics base, Connected to Indore via Broad Gauge.",,,,,,,,Mhow Urban Development Body,,,,,,,,,,Mhow,"Krishi Upaj Mandi Mhow, Krishi Upaj Mandi, Mhow",,Data not found,"Potato (Major Hub), Onion, Green Peas, Wheat, Soybean",,APMC,Primary Market Yard,-,-,-,-,"awmmhoindmp@nic.in, mandimhow@gmail.com, apmcmhow@gmail.com",,Shri Prakash Dangi,Market Inspector,State Mandi Board Service,7324272068,,,,,,,,,,,,,,,,,,,,,,,,,,,,,,,,,,,,,,,,,,,5,(i) Lime/Lemon,312,4116,limes and lemons,298,3932,Limes and lemons,288,3801,,5,Mango,1062,11151,Mango,1032,11237,Mango,978,10758,,5,Custard Apple,401.94,8041.11,Custard apple,401.94,8041.11,Custard apple,401.94,8041.11,,5,Muskmelon,33,1155,Mango,81,891,Mango,81,891,,5,Papaya,304,6505.6,Papaya,301.49,6451.89,Papaya,286.49,6130.89,,5,Pomegranate,395,8884.46,Kinnow /Mandarin Orange,438,7971.6,Kinnow /Mandarin Orange,438,7971.6,,5,Mango,1567,15223,Limes and Lemons,736,8307,Limes and lemons,671,7568,,5,Ber,111,1159,Ber,108,1125,Ber,104,1082,,5,Pomegranate,626,8530,Pomegranate,626,8530,Pomegranate,661,8517,,5,Jackfruit,512,15058.82,Jackfruit,510,15000,Jackfruit,495,13860,,5,Muskmelon,1052,17884,Mango,776,13518.2,Limes and lemons,1095,13490.4,,5,(iii) Sweet Orange( Mosambi),326,5228,Mosambi,326,5228,Mosambi,326,5228,,5,Papaya,74,1884,Papaya,74,1884,Papaya,74,1884,,5,Papaya,45,1812,Papaya,45,1812,Papaya,45,1812,,5,Aonla/Gooseberry,107,1337.5,Gooseberry,104,1300,Gooseberry,102,1275,,5,Aonla/Gooseberry,395,5925,Aonla/Gooseberry,395,5925,Gooseberry,395,5925,,5,(i) Lime/Lemon,421,13725,Custard apple,590,11092,Limes and lemons,421,13725,,,,,,,,,,,,,,Shri. Ajay Rohit,(Incharge) Astt. Director,Tikamgarh,07683-242329,horti.tikamgarh@mp.gov.in,,,,,,,Smt. Sujata Choudhary,Secretary-S,Election,98930-83156,mandi.election@gmail.com,,,Name of the officer,Designation,Contact,email id.,Note,,,,,,,,17,Madhya Pradesh,Ujjain,badnagar,Arunodaya Sarveshwari Lok Kalyan Samiti,Skb Haldhar Producer Company Limited,U01100MP2022 PTC059818,Company Act,3-Mar-2022,,,,,,,,
,Tikamgarh,Municipality,Tikamgarh,"79,106","114,000",Tier 2,,,,,,,,1061,22500.5,15550,201186.1,,,,,1107,23436.4,15681,206062.25,,,,,,Khajuraho(nearest),Tikamgarh railway station,NH-539,Key aggregation point for Ginger and Peas in Bundelkhand depends mainly on road transport,,Municipal Council Tikamgarh ,Shri Ompal Singh Bhadoria,cmotikamgarh@mpurban.gov.in,9889097709,,,Tikamgarh Urban Development Body,7683242323,cmotikamgarh@mpurban.gov.in,,,,,,,,Tikamgarh,"APMC tikamgarh, APMC Tikamgarh MP krishi upaj Mandi",,Data not found,"Garden Peas (Matar), Ginger, Tomato, Wheat, Mustard, Urad",,APMC,Primary Market Yard,0,0,-,-,awmtik@nic.in,,Shri Ghanshyamdas Kumhar,Market Inspector,State Mandi Board Service,99771-71105,,,,,,,,,,,,,,,,,,,,,,,,,,,,,,,,,,,,,,,,,,,6,Aonla/Gooseberry,95,2615,Aonla/Gooseberry,88,2423,Anola/Gooseberry,86,2368,,6,Aonla/Gooseberry,340,4559,Gooseberry,340,4559,Pomegranate,237,4278,,6,Banana,194.04,8036.4,Banana,194.04,8036.4,Banana,194.04,8036.4,,6,Watermelon,30,1050,Jackfruit,22,660,Jackfruit,22,660,,6,Mango,270,5462.1,Mango,260,5259.8,Mango,247,4996.81,,6,(ii) Mandarin,447,8135.4,Papaya,162,7452,Papaya,162,7452,,6,(i) Lime/Lemon,810,9138,Jackfruit,155,1825,Jackfruit,145,1693,,6,Other Fruits,486,3755,Other fruits,472,3646,Other fruits,454,3505,,6,Custard Apple,504,6779,Custard apple,504,6779,Custard Apple,504,6779,,6,Muskmelon,710,6421.55,Muskmelon,710,6350,Muskmelon,698.5,6300.47,,6,Mango,785,13674.98,Limes and lemons,1096,13502.72,Mango,773,13465.94,,6,Watermelon,219,3212,Watermelon,219,3212,Custard Apple,310,3130.2,,6,Watermelon,99,1735,Watermelon,99,1735,Watermelon,99,1735,,6,Watermelon,37,796,Watermelon,37,796,Watermelon,36,775,,6,Jackfruit,32,864,Jackfruit,32,864,Jackfruit,31,837,,6,Papaya,315,2400,Papaya,315,2400,Papaya,315,2400,,6,Custard Apple,610,11468,Mango,495,8811,Custard Apple,590,11092,,,,,,,,,,,,,,,,,,,,,,,,,,,,,,,,Shri Rajaram Ahirwar,Additional Director,0755-2556210,adfmpsamb@gmail.com,Appellate Public Information Officer,,,,,,,,18,Madhya Pradesh,Ujjain,nagda-khachrod,Arunodaya Sarveshwari Lok Kalyan Samiti,Jeevdani Farmers Producer Company Limited,U01100MP2022 PTC060419,Company Act,15-Apr-2022,,,,,,,,
,Shajapur,Municipality,Shajapur,"69,263","98,000",Tier 2,,,,,,,,20137,434397,25491.25,555275.68,,,,,20140.5,436172.7,26695.75,584988.79,,,,,,Via Indore,Shajapur railway station,NH-3,"Major Onion trading hub, Strong cold storage presence due to onion/garlic production",,Municipality Shajapur,,cmoshajapur@mpurban.gov.in,07364-228716,,,shajapur Urban Development Body,"7364229565, 8716",cmoshajapur@mpurban.gov.in,,,,,,,,Shajapur(F&V),"Krishi Upaj Mandi samiti, Krishi Upaj Mandi Samiti",186,"Daily, 12hrs","Onion (Huge Volume), Potato, Garlic, Soybean, Wheat",234316,APMC,Primary Market Yard,-,0,fruits and vegetables yard,7364229087,awmshj@mp.gov.in,,Shri Bhagwan Singh Parihar,Secretary-S,State Mandi Board Service,81094-83044,,,,,,,,,,,,,,,,,,,,,,,,,,,,,,,,,,,,,,,,,,,7,Sapota,75,1518,sapota,71,1438,Sapota,68,1378,,7,Pomegranate,237,4278,Pomegranate,237,4278,Gooseberry,318,4264,,7,Papaya,424.73,7760.74,Papaya,424.73,7760.74,Papaya,424.73,7760.74,,7,Mango,81,891,Gooseberry,36,576,Gooseberry,36,576,,7,Aonla/Gooseberry,172,1771.6,Gooseberry,170.87,1759.96,Gooseberry,170.87,1759.96,,7,Watermelon,306,7956,Watermelon,284,7384,Watermelon,284,7384,,7,Jackfruit,164,1935,Pomegranate,129,1307,Pomegranate,121,1220,,7,,,,,,,,,,,7,Mango,646,6172,Mango,646,6172,Mango,638,6124,,7,(i) Lime/Lemon,1012,6274,Limes and lemons,1000,6200,Limes and lemons,987,6070.05,,7,(i) Lime/Lemon,1096,13502.72,Watermelon,435,13028.25,Gooseberry,492,12063.84,,7,Custard Apple,310,3130.2,Custard Apple,310,3130.2,Watermelon,206,3026,,7,(i) Lime/Lemon,123,1612,Limes and lemons,123,1612,Limes and lemons,123,1612,,7,Muskmelon,47,705,Muskmelon,47,705,Muskmelon,46,700,,7,Watermelon,21,378,Watermelon,20,360,Custard Apple,16,160,,7,Jackfruit,62,1240,Jackfruit,62,1240,Jackfruit,62,1240,,7,Mango,495,8811,Ber,268,4752,Pomegranate,765,9371,,,,,,,,,,,,,,,,,,,,,https://agriwelfare.gov.in/sites/default/files/MP20-Ashoknagar-26.6.12.pdf,,,,,,,,,,,Mr. Nitin Kolhe,Deputy Director,9752545395,ddnitmpsamb@gmail.com,Public Information Officer (L-3),,,,,,,,19,Madhya Pradesh,Ujjain,Mahidpur,Arunodaya Sarveshwari Lok Kalyan Samiti,Moyakheda Farm Producer Company Limited,U01112MP2022 PTC060005,Company Act,22-Mar-2022,,,,,,,,
,Bina-Etawa,Municipality,Sagar,"64,529","91,000",Tier 2,,,,,,,,3701,65588,61821,1540695,,,,,3812,67555,64421,1604740,,,,,,Via Bhopal,Bina Junction,NH-934,Home to Bina Refinery (BPCL),,,,combina@mpurban.gov.in,,,,Bina-etawa Urban Development Body,Data not available,cmobina@mpurban.gov.in,,,,,,,,Bina,"krishi upaj mandi samiti bina, Krishi Upaj Mandi Samiti BINA",,Data not found,"Green Peas, Potato, Onion, Wheat, Lentil, Tomato",,APMC,Primary Market Yard,-,-,-,-,"awmbinsag-mp@nic.in, mpapmc.bina@gmail.com",,Shri Kamlesh Sonkar,Market Inspector,State Mandi Board Service,97535-30992,,,,,,,,,,,,,,,,,,,,,,,,,,,,,,,,,,,,,,,,,,,8,Pomegranate,70,1064,pomegranate,22,1003,Pomegranate,65,988,,8,Jackfruit,115,2852,Jackfruit,106,2637,Jackfruit,86,2140,,8,Aonla/Gooseberry,892.81,5083.05,Gooseberry,892.81,5083.05,Gooseberry,892.81,5083.05,,8,Jackfruit,22,660,Watermelon,14,490,Watermelon,14,490,,8,Custard Apple,112,1456,Custard apple,107,1391,Custard Apple,87.51,1137.63,,8,Mango,528,6072,Mango,510,5865,Mango,510,5865,,8,Pomegranate,135,1372,Other fruits,2292,14004,Other fruits,2086,12781,,8,,,,,,,,,,,8,Grape,87,1392,Grape,87,1392,Grape,84,1344,,8,Banana,176,6211.76,Banana,170,6000,Banana,159.55,5632.1,,8,Aonla/Gooseberry,495,12137.4,Gooseberry,495,12137.4,Watermelon,395,11830.25,,8,(i) Lime/Lemon,253,2586,Lime/Lemon,253,2586,limes and lemons,252,2574,,8,Custard Apple,269.5,1529,Custard Apple,269.5,1529,Custard Apple,269.5,1529,,8,Ber,43,392,Ber,43,392,Ber,39,356,,8,Custard Apple,23,230,Custard Apple,23,230,Ber,15,115.5,,8,Ber,16,240,Ber,16,240,Ber,16,240,,8,Ber,250,4432,Gooseberry,265,3549,Mango,495,8811,,,,,,,,,,,,,,,,,,,,,,,,,,,,,,,,Mrs. Sona Jaiswal,Assistant Director,9229852635,ddsjmpsamb@gmail.com,Assistant Public Information Officer (L-2),,,,,,,,20,Madhya Pradesh,Ujjain,ghattia,Arunodaya Sarveshwari Lok Kalyan Samiti,Kisantushti Producer Company Limited,U01100MP2022 PTC059908,Company Act,10-Mar-2022,,,,,,,,
,Raghogarh-vijaypur,Municipality,Guna,"62,163","88,000",Tier 2,,,,,,,,3136,43575,10846,164811,,,,,3136,43575,10846,164811,,,,,,Guna Airport,Raghogarh Railway Station,"NH-47, NH-3, NH-46",Industrial town (GAIL/NFL) on NH-46,,,,domraghogarh@mpurban.gov.in,,,,Raghograh Urban Development Body,7544262251,cmoraghogarh@mpurban.gov.in,,,,,,,,Raghogarh,"Krishi Upaj Mandi samiti, Krishi Upaj Mandi Samiti",,Data not found,"Coriander, Onion, Tomato, Green chilly, Guava",,APMC,Primary Market Yard,-,-,-,-,"awmgun@nic.in, mandiguna@gmail.com, kgunamp@gmail.com",,Shri Shyamlal Meena,Market Inspector,State Mandi Board Service,99937-69140,,,,,,,,,,,,,,,,,,,,,,,,,,,,,,,,,,,,,,,,,,,9,Custard Apple,43,894,custard apple,40,832,Custard Apple,37,770,,9,Muskmelon,75,2437.5,Ber,71,1753,Ber,50,1170,,9,Watermelon,80.85,1630.03,Watermelon,80.85,1630.03,Watermelon,80.85,1630.03,,9,Aonla/Gooseberry,36,576,Muskmelon,14,455,Muskmelon,14,455,,9,Watermelon,60,1080,Watermelon,60,1080,Watermelon,49,882,,9,Custard Apple,210,3192,Custard Apple,170,2584,Custard Apple,170,2584,,9,,,,,,,,,,,9,,,,,,,,,,,9,Papaya,58,1205,Papaya,58,1205,Gooseberry,78,1182,,9,Watermelon,445,5056.81,Watermelon,440,5000,Watermelon,435,4893.75,,9,Custard Apple,1109,11644.5,Custard Apple,1098,11529,Custard Apple,1095,11497.5,,9,Jackfruit,145,1740,Jackfruit,145,1740,Jackfruit,145,1740,,9,Muskmelon,102,1217,Muskmelon,102,1217,Muskmelon,102,1217,,9,Custard Apple,33,384,Custard Apple,33,384,Custard Apple,28,326,,9,Ber,27,207.9,Ber,25,192.5,Watermelon,2,70,,9,Other Fruits,425,4675,Other Fruits,425,4675,Other fruits,425,4675,,9,Aonla/Gooseberry,230,3080,Watermelon,153,2693,Ber,268,4752,,,,,,,,,,,,,,,,,,,,,,,,,,,,,,,,Mrs. Sujata Choudhary,Secretary,9893083156,-,L-1,,,,,,,,21,Madhya Pradesh,Ujjain,Tarana,Solidaridad Regional Expertise Centre,Tilkeshwar Kisan Producer Company Limited,U01100MP2022 PTC060814,Company Act,11-May-2022,,,,,,,,
,Dabra,Municipality,Gwalior,"61,277","87,000",Tier 2,,,,,,,,1505,27201,15665,316820,,,,,1531,28263,15817,319636,,,,,,Gwalior Airport,Dabra Railway Station,NH-44,Major Sugar & Rice milling cluster,,,,,,,,Dabra Urban Development Body,7524225801,cmodabra@mpurban.gov.in,,,,,,,,Dabra(F&V),"Magrora, Dabra, Dabra (Permanently closed no data about new market)",,"Mon-Sat, 8AM-4PM","Potato, Onion (Limited), Paddy, Wheat, Coriander based products",,APMC,Primary Market Yard,-,-,-,-,"awmdabgwa@nic.in, asdabgwl@gmail.com, mandidabra1982@gmail.com, dabramandi@gmail.com",,Shri Parvatlal Malviya,Market Inspector,State Mandi Board Service,"76930-24891, 94066-13455",,,,,,,,,,,,,,,,,,,,,,,,,,,,,,,,,,,,,,,,,,,10,Other Fruits,265,7155,other fruits,261,7047,Other Fruits,250,6750,,10,Ber,71,1661,Muskmelon,50,1630,Muskmelon,31,1109,,10,Pomegranate,127.89,1278.95,Pomegranate,127.89,1278.95,Pomegranate,127.89,1278.95,,10,Ber,16,160,Ber,16,160,Ber,16,160,,10,Muskmelon,20,300,Muskmelon,20,300,Ber,20,169,,10,Muskmelon,184,2960.56,Muskmelon,158,2542.22,Muskmelon,158,2542.22,,10,,,,,,,,,,,10,,,,,,,,,,,10,Aonla/Gooseberry,79,1196.4,Goose berry,79,1196.4,Papaya,48,1094,,10,Ber,426,4767.14,Ber,420,4700,Ber,410,4305,,10,Pomegranate,496,9451.83,Pomegranate,496,9451.83,Pomegranate,496,9451.83,,10,Jamun,128.5,1285,Jamun,128.5,1285,Jamun,128,1280,,10,Ber,170,1163,Ber,170,1163,Ber,170,1163,,10,Sapota,12,222,Sapota,12,222,Sapota,12,222,,10,Pomegranate,7,98,Pomegranate,7,98,Muskmelon,3,30,,10,,,,,,,,,,,10,Watermelon,153,2693,Pomegranate,165,2021,Gooseberry,350,4688,,,,,,,,,,,,,,,,,,,,,,,,,,,,,,,,,,,,,,,,,,,,22,Madhya Pradesh,Ujjain,nagda-khachrod,"Kissan Agro Marketing Co-
 operative Society Limited (KAMCO)",Nagda Farmer Producer Company Limited,U01122MP2022 PTC061857,Company Act,18-Jul-2022,,,,,,,,
,,,,2011 census,,,,,,,,,,,,,,,,,,,,,,,,,,,,,source,,,,,,,,,HUDD details,,,,,,,,,,,,,,source,,,,,,,,,,,,,,,,,,,,,,,,,,,,,,,,,,,,,,,,,,,,,,,,,,,,,,,,,Flowers,,,Flowers,,,Flowers,,,,,Flowers,,,Flowers,,,Flowers,,,,,Flowers,,,Flowers,,,Flowers,,,,,Flowers,,,Flowers,,,Flowers,,,,,Flowers,,,Flowers,,,Flowers,,,,,Flowers,,,Flowers,,,Flowers,,,,,Flowers,,,Flowers,,,Flowers,,,,,Flowers,,,Flowers,,,Flowers,,,,,Flowers,,,Flowers,,,Flowers,,,,,Flowers,,,Flowers,,,Flowers,,,,,Flowers,,,Flowers,,,Flowers,,,,,Flowers,,,Flowers,,,Flowers,,,,,Flowers,,,Flowers,,,Flowers,,,,,Flowers,,,Flowers,,,Flowers,,,,,Flowers,,,Flowers,,,Flowers,,,,,Flowers,,,Flowers,,,Flowers,,,,,Flowers,,,Flowers,,,Flowers,,,,,,,,,,,,,,,,,,,,,,,,,,,,,,,,,,,,,,,,,,,,,,23,Madhya Pradesh,Ujjain,nagda-khachrod,ITC Limited,Shivkripa Kisan Producer Company Limited,U01100MP2022 PTC059850,Company Act,8-Mar-2022,,,,,,,,
,,,,,,,,,,,,,,,,,,,,,,,,,,,,,,,,,,,,,,,,,,,,,,,,,,,,,,,,,,,,,,,,,,,,,,,,,,,,,,,,,,,,,,,,,,,,,,,,,,,,,,,,,,,,,,,,1,Marigold,3795,75900,Marigold,3740,74800,Marigold,3725,74500,,1,Rose,710,12993,Marigold,535,9704,Marigold,360,6893,,1,Rose,329.84,4307.95,Marigold,329.84,4307.95,Marigold,329.84,4307.95,,1,Rose,365,4015,Marigold,365,4015,Marigold,365,4015,,1,Rose,1612,20794.8,Marigold,1609,20756.1,Marigold,1584,20433.6,,1,Rose,670,6164,Marigold,630,5796.3,Marigold,630,5796.3,,1,Rose,979,11719,Marigold,890,10654,Marigold,802,9616,,1,Rose,513,6670,Marigold,489,6352,Marigold,470,6115,,1,Rose,4065,37513.46,Marigold,4065,37513.46,Marigold,4052,37454.46,,1,Orchids,937,6559,Other flowers,1800,13000,Other flowers,1712,11641.6,,1,Rose,1435,41542.77,Marigold,1435,41542.77,Marigold,1430,39381.48,,1,Rose,253.5,2810.43,Marigold,253.5,2810.43,Marigold,234,2606,,1,Rose,143,1149,Marigold,43,345.5,Marigold,43,345.5,,1,Rose,67.5,663,Rose,67.5,663,Marigold,67,663,,1,Rose,68,510,Marigold,59,442.5,Marigold,45,337.5,,1,Marigold,125,750,Marigold,125,750,Marigold,120,720,,1,Gerbera,358.5,3262.5,Marigold,358.5,3262.5,Marigold,355,3230.5,,,,,,,,,,,,,,,,,,,,,,,,,https://mpmandiboard.in/index.php/contact-us/head-office,,,,,,,,,,,,,,,,,,,24,Madhya Pradesh,Ujjain,ghattia,ITC Limited,Bhumisamradhha Farmer Producer Company Limited,U01114MP2022 PTC059946,Company Act,15-March-2022,,,,,,,,
,,,,,,,,,,,,,,,,,,,,,,,,,,,,,,,,,,,,,,,,,,,,,,,,,,,,,,,,,,,,,,,,,,,,,,,,,,,,,,,,,,,,,,,,,,,,,,,,,,,,,,,,,,,,,,,,2,Rose,482,4820,Rose,478,4780,Rose,472,4720,,2,Orchids,482,8293,Rose,289,5702,Rose,179,3591,,2,Chrysanthemum,127.91,1279.16,Gladiolus,54.28,2701.77,Gladiolus,54.28,2701.77,,2,Orchids,195,2340,Rose,115,805,Rose,115,805,,2,Orchids,1283,14664.69,Chrysanthemum,668,10888.4,Chrysanthemum,653,10643.9,,2,Orchids,190,3762,Chrysanthemum,40,880,Chrysanthemum,36,792,,2,Orchids,1460,7108,Rose,345,3138,Rose,305,2771,,2,Chrysanthemum,308,1851,Rose,293,1763,Rose,283,1701,,2,Orchids,285,2643.69,Chrysanthemum,66,897.4,Chrysanthemum,59,810.08,,2,Rose,825,5775,,,,,,,,2,Orchids,425,2979.25,Rose,118,1309.8,Rose,115,1276.5,,2,Tube Rose,49,390,Chrysanthemum,49,390,Chrysanthemum,49,390,,2,Chrysanthemum,2,580,Rose,2,5.8,Rose,2,5.8,,2,Chrysanthemum,53,525,Chrysanthemum,53,525,Rose,53,525,,2,Tube Rose,7,35,Gladiolus,7,87.5,Gladiolus,7,87.5,,2,Rose,63,189,Rose,63,189,Rose,62,186,,2,Tube Rose,164,1163,Rose,44,456,Rose,44,356.4,,,,,,,,,,,,,,,,,,,,,,,,,,,,,,,,,,,,,,,,,,,,25,Madhya Pradesh,Ujjain,Tarana,ITC Limited,Kishandhaara Farmer Producer Company Limited,U01111MP2022 PTC059874,Company Act,9-Mar-2022,,,,,,,,
,,,,,,,,,,,,,,,,,,,,,,,,,,,,,,,,,,,,,,,,,,,,,,,,,,,,,,,,,,,,,,,,,,,,,,,,,,,,,,,,,,,,,,,,,,,,,,,,,,,,,,,,,,,,,,,,3,Chrysanthemum,285,4275,chrysanthemum,281,4215,Chrysanthemum,262,3930,,3,Chrysanthemum,291,5587.2,Gladiolus,147,1962.5,Gladiolus,127,1712.5,,3,Orchids,160.62,795.45,Rose,127.91,1471.47,Rose,127.91,1471.47,,3,Chrysanthemum,115,805,Chrysanthemum,65,260,Chrysanthemum,65,260,,3,Tube Rose,670,10921,Rose,65,1023.75,Rose,62,976.5,,3,Tube Rose,48,1056,Rose,140,623,Rose,139,618.55,,3,Chrysanthemum,386,3515,Gladiolus,24,323,Gladiolus,23,301,,3,Orchids,140,1114,Other flowers,133,1061,Other flowers,128,1024,,3,Tube Rose,66,897.4,Rose,95,422.04,Rose,90,395.04,,3,Chrysanthemum,112,784,,,,,,,,3,Chrysanthemum,118,1309.8,Orchids,53,106,Orchids,52,104,,3,Chrysanthemum,9,64,Rose,9,64,Rose,9,64,,,,,,,,,,,,,3,Orchids,43,440,Orchids,43,440,Other flowers,43,440,,3,Chrysanthemum,11,33,Chrysanthemum,10,50,Chrysanthemum,10,50,,3,Other Flowers,445,1780,Other Flowers,445,1780,Other flowers,437,1748,,3,Jasmine,44,456,Other flowers,150,1064.66,Other flowers,149,1057.56,,,,,,,,,,,,,,,,,,,,,,,,,,,,,,,,,,,,,,,,,,,,26,Madhya Pradesh,Ujjain,badnagar,ITC Limited,Pirjhalar Kisan Producer Company Limited,U01110MP2022 PTC062523,Company Act,1-Sep-2022,,,,,,,,
,,,,,,,,,,,,,,,,,,,,,,,,,,,,,,,,,,,,,,,,,,,,,,,,,,,,,,,,,,,,,,,,,,,,,,,,,,,,,,,,,,,,,,,,,,,,,,,,,,,,,,,,,,,,,,,,4,Gladiolus,53,795,Gladious,50,750,Tube Rose,46,690,,4,Jasmine,15,195,Gerbera,12,571.43,Tube rose,78,288.89,,4,Gladiolus,36.38,727.65,Tube rose,36.38,1127.65,Tube rose,36.38,1127.65,,4,Tube Rose,65,260,Orchids,10,30,Orchids,10,30,,4,Chrysanthemum,66,1039.5,Other flowers,1278,14607.54,Other flowers,1268,14493.24,,4,Chrysanthemum,146,649.7,Gladiolus,40,100,Gladiolus,38,87.5,,4,Gladiolus,13,120,Tube Rose,12.5,114,Tube rose,12,109,,,,,,,,,,,,,4,Chrysanthemum,96,430.04,Other flowers,285,2643.69,Other flowers,279,2588.69,,,,,,,,,,,,,4,Carnation,53,106,Chrysanthemum,5,105,Chrysanthemum,4,84,,4,Orchids,2,30,Other flowers,2,30,Gerbera,0.5,4,,,,,,,,,,,,,,,,,,,,,,,,4,Orchids,5,7.5,Rose,8,24,Rose,7,21,,,,,,,,,,,,,,,,,,,,,,,,,,,,,,,,,,,,,,,,,,,,,,,,,,,,,,,,,,,,,,,,,,27,Madhya Pradesh,Ujjain,Mahidpur,ITC Limited,Ssnarmada Producer Company Limited,U01110MP2022 PTC062269,Company Act,17-August-2022,,,,,,,,
,,,,,,,,,,,,,,,,,,,,,,,,,,,,,,,,,,,,,,,,,,,,,,,,,,,,,,,,,,,,,,,,,,,,,,,,,,,,,,,,,,,,,,,,,,,,,,,,,,,,,,,,,,,,,,,,5,Tube Rose,52,780,Tube Rose,49,735,Gladiolus,45,675,,5,Gladiolus,88,59.84,Tube rose,86,316.67,Gerbera,5,285.72,,5,Jasmine,9.74,72.23,Gerbera,9.74,735.09,Gerbera,9.74,735.09,,5,Carnation,10,30,,,,Other flowers,195,2340,,,,,,,,,,,,,5,Jasmine,0.5,5,Gerbera,0.4,22.86,Gerbera,0.4,22.86,,5,Other Flowers,25,339,Other flowers,1269.5,6181,Other flowers,1061,5130,,,,,,,,,,,,,,,,,,,,,,,,,,,,,,,,,,,5,Tube Rose,5,105,Other flowers,395,2768.95,Others,394,2761.94,,5,Jasmine,0.5,4,Gerbera,0.5,4,Tube rose,1,4,,,,,,,,,,,,,,,,,,,,,,,,5,Other Flowers,1,1,Other flowers,5,7.5,Other flowers,5,7.5,,,,,,,,,,,,,,,,,,,,,,,,,,,,,,,,,,,,,,,,,,,,,,,,,,,,,,,,,,,,,,,,,,28,Madhya Pradesh,Ujjain,Tarana,Bayer CropScience Limited,Kanasiya Farmer Producer Company Limited,U01611MP2023 PTC065340,Company Act,19-April-2023,,,,,,,,
,,,,,,,,,,,,,,,,,,,,,,,,,,,,,,,,,,,,,,,,,,,,,,,,,,,,,,,,,,,,,,,,,,,,,,,,,,,,,,,,,,,,,,,,,,,,,,,,,,,,,,,,,,,,,,,,,Other Flowers,230,3450,Other flowers,227,3405,Other flowers,218,3270,,6,Other Flowers,147,156,Other flowers ,482,8293,Other flowers,1189,20376.11,,6,Other Flowers,54.28,814.27,,,,,,,,,,,,,,,,,,,,,,,,,,,,,,6,Other Flowers,44,9,Other flowers,178,3524.4,Other flowers,175,3465,,,,,,,,,,,,,,,,,,,,,,,,,,,,,,,,,,,,,,,,,,,,,,,,,,,,,,,,,6,Gladiolus,1,4,Tube rose,1,4,Other flowers,2,30,,,,,,,,,,,,,,,,,,,,,,,,,,,,,,,,,,,,,,,,,,,,,,,,,,,,,,,,,,,,,,,,,,,,,,,,,,,,,,,,,,,,,,,,,,,,,,,,,,,29,Madhya Pradesh,Dewas,Tonkhurd,Solidaridad Regional Expertise Centre,Anandeshwari Farmer Producer Company Limited,U01100MP2022 PTC060306,Company Act,8-Apr-2022,,,,,,,,
,,,,,,,,,,,,,,,,,,,,,,,,,,,,,,,,,,,,,,,,,,,,,,,,,,,,,,,,,,,,,,,,,,,,,,,,,,,,,,,,,,,,,,,,,,,,,,,,,,,,,,,,,,,,,,,,,,,,,,,,,,,,,,,,,,,,,,,,,,,,,,,,,,,,,,,,,,,,,,,,,,,,,,,,,,,,,,,,,,,,,,,,,,,,,,,,,,,,,,,,,,,,,,,,,,,,,,,,,,,,,,,,,,,,,,,,,,,,,,,,,,,,,,,,,,,,,,,,,,,,,,,,,,,,,,,,,,,,,,,,,,,,,,,,,,,,,,,,,,,,,,,,,,,,,,,,,,,,,,,,,,,,,,,,,,,,,,,,,,,,,30,Madhya Pradesh,Dewas,Sonkatch,ITC Limited,Mahadeera Farmer Producer Company Limited,U01100MP2022 PTC060297,Company Act,8-Apr-2022,,,,,,,,
,,,,,,,,,,,,,,,,,,,,,,,,,,,,,,,,,,,,,,,,,,,,,,,,,,,,,,,,,,,,,,,,,,,,,,,,,,,,,,,,,,,,,,,,,,,,,,,,,,,,,,,,,,,,,,,,,,,,,,,,,,,,,,,,,,,,,,,,,,,,,,,,,,,,,,,,,,,,,,,,,,,,,,,,,,,,,,,,,,,,,,,,,,,,,,,,,,,,,,,,,,,,,,,,,,,,,,,,,,,,,,,,,,,,,,,,,,,,,,,,,,,,,,,,,,,,,,,,,,,,,,,,,,,,,,,,,,,,,,,,,,,,,,,,,,,,,,,,,,,,,,,,,,,,,,,,,,,,,,,,,,,,,,,,,,,,,,,,,,,,,31,Madhya Pradesh,Dewas,Dewas,ITC Limited,Agera Prakratik Farmer Producer Company Limited,U01100MP2022 PTC062510,Company Act,31-Aug-2022,,,,,,,,
,,,,,,,,,,,,,,,,,,,,,,,,,,,,,,,,,,,,,,,,,,,,,,,,,,,,,,,,,,,,,,,,,,,,,,,,,,,,,,,,,,,,,,,,,,,,,,,,,,,,,,,,,,,,,,,,,,,,,,,,,,,,,,,,,,,,,,,,,,,,,,,,,,,,,,,,,,,,,,,,,,,,,,,,,,,,,,,,,,,,,,,,,,,,,,,,,,,,,,,,,,,,,,,,,,,,,,,,,,,,,,,,,,,,,,,,,,,,,,,,,,,,,,,,,,,,,,,,,,,,,,,,,,,,,,,,,,,,,,,,,,,,,,,,,,,,,,,,,,,,,,,,,,,,,,,,,,,,,,,,,,,,,,,,,,,,,,,,,,,,,32,Madhya Pradesh,Dewas,Tonkhurd,ITC Limited,"Dharnidhar Development
 Farmer Producer Company Limited",U01100MP2022 PTC062209,Company Act,11-Aug-2022,,,,,,,,
,,,,,,,,,,,,,,,,,,,,,,,,,,,,,,,,,,,,,,,,,,,,,,,,,,,,,,,,,,,,,,,,,,,,,,,,,,,,,,,,,,,,,,,,,,,,,,,,,,,,,,,,,,,,,,,,,,,,,,,,,,,,,,,,,,,,,,,,,,,,,,,,,,,,,,,,,,,,,,,,,,,,,,,,,,,,,,,,,,,,,,,,,,,,,,,,,,,,,,,,,,,,,,,,,,,,,,,,,,,,,,,,,,,,,,,,,,,,,,,,,,,,,,,,,,,,,,,,,,,,,,,,,,,,,,,,,,,,,,,,,,,,,,,,,,,,,,,,,,,,,,,,,,,,,,,,,,,,,,,,,,,,,,,,,,,,,,,,,,,,,33,Madhya Pradesh,Dewas,Bagli,Samunnati Agro Solution Pvt. Ltd.,"Dewas Bagli Samradh Hariyali Mahila Kisan Aajivika Producer Company
 Limited",U01100MP2022 PTC063402,Company Act,15-Nov-2022,,,,,,,,
,,,,,,,,,,,,,,,,,,,,,,,,,,,,,,,,,,,,,,,,,,,,,,,,,,,,,,,,,,,,,,,,,,,,,,,,,,,,,,,,,,,,,,,,,,,,,,,,,,,,,,,,,,,,,,,,,,,,,,,,,,,,,,,,,,,,,,,,,,,,,,,,,,,,,,,,,,,,,,,,,,,,,,,,,,,,,,,,,,,,,,,,,,,,,,,,,,,,,,,,,,,,,,,,,,,,,,,,,,,,,,,,,,,,,,,,,,,,,,,,,,,,,,,,,,,,,,,,,,,,,,,,,,,,,,,,,,,,,,,,,,,,,,,,,,,,,,,,,,,,,,,,,,,,,,,,,,,,,,,,,,,,,,,,,,,,,,,,,,,,,34,Madhya Pradesh,Dewas,Khategaon,Bayer CropScience Limited,Doble Daller Farmer Producer Company Limited,U01611MP2023 PTC065885,Company Act,22-May-2023,,,,,,,,
,,,,,,,,,,,,,,,,,,,,,,,,,,,,,,,,,,,,,,,,,,,,,,,,,,,,,,,,,,,,,,,,,,,,,,,,,,,,,,,,,,,,,,,,,,,,,,,,,,,,,,,,,,,,,,,,,,,,,,,,,,,,,,,,,,,,,,,,,,,,,,,,,,,,,,,,,,,,,,,,,,,,,,,,,,,,,,,,,,,,,,,,,,,,,,,,,,,,,,,,,,,,,,,,,,,,,,,,,,,,,,,,,,,,,,,,,,,,,,,,,,,,,,,,,,,,,,,,,,,,,,,,,,,,,,,,,,,,,,,,,,,,,,,,,,,,,,,,,,,,,,,,,,,,,,,,,,,,,,,,,,,,,,,,,,,,,,,,,,,,,35,Madhya Pradesh,Dewas,Tonkhurd,Bayer CropScience Limited,Agrodecopure Farmer Producer Company Limited,U01611MP2023 PTC065571,Company Act,30-Apr-2023,,,,,,,,
,,,,,,,,,,,,,,,,,,,,,,,,,,,,,,,,,,,,,,,,,,,,,,,,,,,,,,,,,,,,,,,,,,,,,,,,,,,,,,,,,,,,,,,,,,,,,,,,,,,,,,,,,,,,,,,,,,,,,,,,,,,,,,,,,,,,,,,,,,,,,,,,,,,,,,,,,,,,,,,,,,,,,,,,,,,,,,,,,,,,,,,,,,,,,,,,,,,,,,,,,,,,,,,,,,,,,,,,,,,,,,,,,,,,,,,,,,,,,,,,,,,,,,,,,,,,,,,,,,,,,,,,,,,,,,,,,,,,,,,,,,,,,,,,,,,,,,,,,,,,,,,,,,,,,,,,,,,,,,,,,,,,,,,,,,,,,,,,,,,,,36,Madhya Pradesh,Satna,Majhgawan,Deendayal Research Institute,"Gaivinath Vegetable And Milk Producer Company
 Limited",U01100MP2022 PTC063251,Company Act,1-Nov-2022,,,,,,,,
,,,,,,,,,,,,,,,,,,,,,,,,,,,,,,,,,,,,,,,,,,,,,,,,,,,,,,,,,,,,,,,,,,,,,,,,,,,,,,,,,,,,,,,,,,,,,,,,,,,,,,,,,,,,,,,,,,,,,,,,,,,,,,,,,,,,,,,,,,,,,,,,,,,,,,,,,,,,,,,,,,,,,,,,,,,,,,,,,,,,,,,,,,,,,,,,,,,,,,,,,,,,,,,,,,,,,,,,,,,,,,,,,,,,,,,,,,,,,,,,,,,,,,,,,,,,,,,,,,,,,,,,,,,,,,,,,,,,,,,,,,,,,,,,,,,,,,,,,,,,,,,,,,,,,,,,,,,,,,,,,,,,,,,,,,,,,,,,,,,,,37,Madhya Pradesh,Satna,Maihar,Deendayal Research Institute,Maihar Farmers Producer Company Limited,U01100MP2022 PTC064023,Company Act,27-Dec-2022,,,,,,,,
,,,,,,,,,,,,,,,,,,,,,,,,,,,,,,,,,,,,,,,,,,,,,,,,,,,,,,,,,,,,,,,,,,,,,,,,,,,,,,,,,,,,,,,,,,,,,,,,,,,,,,,,,,,,,,,,,,,,,,,,,,,,,,,,,,,,,,,,,,,,,,,,,,,,,,,,,,,,,,,,,,,,,,,,,,,,,,,,,,,,,,,,,,,,,,,,,,,,,,,,,,,,,,,,,,,,,,,,,,,,,,,,,,,,,,,,,,,,,,,,,,,,,,,,,,,,,,,,,,,,,,,,,,,,,,,,,,,,,,,,,,,,,,,,,,,,,,,,,,,,,,,,,,,,,,,,,,,,,,,,,,,,,,,,,,,,,,,,,,,,,38,Madhya Pradesh,Satna,Nagod,Deendayal Research Institute,Kardmeshwar Farmers Producer Company Limited,U01100MP2022 PTC061517,Company Act,23-Jun-2022,,,,,,,,
,,,,,,,,,,,,,,,,,,,,,,,,,,,,,,,,,,,,,,,,,,,,,,,,,,,,,,,,,,,,,,,,,,,,,,,,,,,,,,,,,,,,,,,,,,,,,,,,,,,,,,,,,,,,,,,,,,,,,,,,,,,,,,,,,,,,,,,,,,,,,,,,,,,,,,,,,,,,,,,,,,,,,,,,,,,,,,,,,,,,,,,,,,,,,,,,,,,,,,,,,,,,,,,,,,,,,,,,,,,,,,,,,,,,,,,,,,,,,,,,,,,,,,,,,,,,,,,,,,,,,,,,,,,,,,,,,,,,,,,,,,,,,,,,,,,,,,,,,,,,,,,,,,,,,,,,,,,,,,,,,,,,,,,,,,,,,,,,,,,,,39,Madhya Pradesh,Satna,Sohawal,Deendayal Research Institute,Raghurajnagar Farmers Producer Company Limited,U01100MP2022 PTC060377,Company Act,12-Apr-2022,,,,,,,,
,,,,,,,,,,,,,,,,,,,,,,,,,,,,,,,,,,,,,,,,,,,,,,,,,,,,,,,,,,,,,,,,,,,,,,,,,,,,,,,,,,,,,,,,,,,,,,,,,,,,,,,,,,,,,,,,,,,,,,,,,,,,,,,,,,,,,,,,,,,,,,,,,,,,,,,,,,,,,,,,,,,,,,,,,,,,,,,,,,,,,,,,,,,,,,,,,,,,,,,,,,,,,,,,,,,,,,,,,,,,,,,,,,,,,,,,,,,,,,,,,,,,,,,,,,,,,,,,,,,,,,,,,,,,,,,,,,,,,,,,,,,,,,,,,,,,,,,,,,,,,,,,,,,,,,,,,,,,,,,,,,,,,,,,,,,,,,,,,,,,,40,Madhya Pradesh,Satna,Rampur Baghelan,ITC Limited,Karuna Green Farmer Producer Company Limited,U01611MP2025 PTC074725,Company Act,11-Feb-2025,,,,,,,,
,,,,,,,,,,,,,,,,,,,,,,,,,,,,,,,,,,,,,,,,,,,,,,,,,,,,,,,,,,,,,,,,,,,,,,,,,,,,,,,,,,,,,,,,,,,,,,,,,,,,,,,,,,,,,,,,,,,,,,,,,,,,,,,,,,,,,,,,,,,,,,,,,,,,,,,,,,,,,,,,,,,,,,,,,,,,,,,,,,,,,,,,,,,,,,,,,,,,,,,,,,,,,,,,,,,,,,,,,,,,,,,,,,,,,,,,,,,,,,,,,,,,,,,,,,,,,,,,,,,,,,,,,,,,,,,,,,,,,,,,,,,,,,,,,,,,,,,,,,,,,,,,,,,,,,,,,,,,,,,,,,,,,,,,,,,,,,,,,,,,,41,Madhya Pradesh,Satna,Unchahara,ITC Limited,"Sugam Uday Krishi Haat Farmers Producer Company
 Limited",U01611MP2024 PTC073458,Company Act,5-Nov-2024,,,,,,,,
,,,,,,,,,,,,,,,,,,,,,,,,,,,,,,,,,,,,,,,,,,,,,,,,,,,,,,,,,,,,,,,,,,,,,,,,,,,,,,,,,,,,,,,,,,,,,,,,,,,,,,,,,,,,,,,,,,,,,,,,,,,,,,,,,,,,,,,,,,,,,,,,,,,,,,,,,,,,,,,,,,,,,,,,,,,,,,,,,,,,,,,,,,,,,,,,,,,,,,,,,,,,,,,,,,,,,,,,,,,,,,,,,,,,,,,,,,,,,,,,,,,,,,,,,,,,,,,,,,,,,,,,,,,,,,,,,,,,,,,,,,,,,,,,,,,,,,,,,,,,,,,,,,,,,,,,,,,,,,,,,,,,,,,,,,,,,,,,,,,,,42,Madhya Pradesh,Sagar,Malthone,Integrated Socio Economic Development Services (ISED),Amjhira Farmers Producer Company Limited,U01100MP2022 PTC062730,Company Act,16-Sep-2022,,,,,,,,
,,,,,,,,,,,,,,,,,,,,,,,,,,,,,,,,,,,,,,,,,,,,,,,,,,,,,,,,,,,,,,,,,,,,,,,,,,,,,,,,,,,,,,,,,,,,,,,,,,,,,,,,,,,,,,,,,,,,,,,,,,,,,,,,,,,,,,,,,,,,,,,,,,,,,,,,,,,,,,,,,,,,,,,,,,,,,,,,,,,,,,,,,,,,,,,,,,,,,,,,,,,,,,,,,,,,,,,,,,,,,,,,,,,,,,,,,,,,,,,,,,,,,,,,,,,,,,,,,,,,,,,,,,,,,,,,,,,,,,,,,,,,,,,,,,,,,,,,,,,,,,,,,,,,,,,,,,,,,,,,,,,,,,,,,,,,,,,,,,,,,43,Madhya Pradesh,Sagar,Khurai,Integrated Socio Economic Development Services (ISED),Himvashnee Farmers Producer Company Limited,U01100MP2022 PTC059936,Company Act,14-Mar-2022,,,,,,,,
,,,,,,,,,,,,,,,,,,,,,,,,,,,,,,,,,,,,,,,,,,,,,,,,,,,,,,,,,,,,,,,,,,,,,,,,,,,,,,,,,,,,,,,,,,,,,,,,,,,,,,,,,,,,,,,,,,,,,,,,,,,,,,,,,,,,,,,,,,,,,,,,,,,,,,,,,,,,,,,,,,,,,,,,,,,,,,,,,,,,,,,,,,,,,,,,,,,,,,,,,,,,,,,,,,,,,,,,,,,,,,,,,,,,,,,,,,,,,,,,,,,,,,,,,,,,,,,,,,,,,,,,,,,,,,,,,,,,,,,,,,,,,,,,,,,,,,,,,,,,,,,,,,,,,,,,,,,,,,,,,,,,,,,,,,,,,,,,,,,,,44,Madhya Pradesh,Sagar,Jaisinagar,ITC Limited,Kakku Farmer Producer Company Limited,U01100MP2022 PTC059634,Company Act,18-Feb-2022,,,,,,,,
,,,,,,,,,,,,,,,,,,,,,,,,,,,,,,,,,,,,,,,,,,,,,,,,,,,,,,,,,,,,,,,,,,,,,,,,,,,,,,,,,,,,,,,,,,,,,,,,,,,,,,,,,,,,,,,,,,,,,,,,,,,,,,,,,,,,,,,,,,,,,,,,,,,,,,,,,,,,,,,,,,,,,,,,,,,,,,,,,,,,,,,,,,,,,,,,,,,,,,,,,,,,,,,,,,,,,,,,,,,,,,,,,,,,,,,,,,,,,,,,,,,,,,,,,,,,,,,,,,,,,,,,,,,,,,,,,,,,,,,,,,,,,,,,,,,,,,,,,,,,,,,,,,,,,,,,,,,,,,,,,,,,,,,,,,,,,,,,,,,,,45,Madhya Pradesh,Sagar,Bina,ITC Limited,Belai Choupal Farmer Producer Company Limited,U01100MP2022 PTC062181,Company Act,10-Aug-2022,,,,,,,,
,,,,,,,,,,,,,,,,,,,,,,,,,,,,,,,,,,,,,,,,,,,,,,,,,,,,,,,,,,,,,,,,,,,,,,,,,,,,,,,,,,,,,,,,,,,,,,,,,,,,,,,,,,,,,,,,,,,,,,,,,,,,,,,,,,,,,,,,,,,,,,,,,,,,,,,,,,,,,,,,,,,,,,,,,,,,,,,,,,,,,,,,,,,,,,,,,,,,,,,,,,,,,,,,,,,,,,,,,,,,,,,,,,,,,,,,,,,,,,,,,,,,,,,,,,,,,,,,,,,,,,,,,,,,,,,,,,,,,,,,,,,,,,,,,,,,,,,,,,,,,,,,,,,,,,,,,,,,,,,,,,,,,,,,,,,,,,,,,,,,,46,Madhya Pradesh,Sagar,Sagar,ITC Limited,Jarara Farmer Producer Company Limited,U01100MP2022 PTC062332,Company Act,22-Aug-2022,,,,,,,,
,,,,,,,,,,,,,,,,,,,,,,,,,,,,,,,,,,,,,,,,,,,,,,,,,,,,,,,,,,,,,,,,,,,,,,,,,,,,,,,,,,,,,,,,,,,,,,,,,,,,,,,,,,,,,,,,,,,,,,,,,,,,,,,,,,,,,,,,,,,,,,,,,,,,,,,,,,,,,,,,,,,,,,,,,,,,,,,,,,,,,,,,,,,,,,,,,,,,,,,,,,,,,,,,,,,,,,,,,,,,,,,,,,,,,,,,,,,,,,,,,,,,,,,,,,,,,,,,,,,,,,,,,,,,,,,,,,,,,,,,,,,,,,,,,,,,,,,,,,,,,,,,,,,,,,,,,,,,,,,,,,,,,,,,,,,,,,,,,,,,,47,Madhya Pradesh,Sagar,Khurai,ITC Limited,Path-Mala Krishi Udpadak Producer Company Limited,U01100MP2022 PTC061888,Company Act,20-Jul-2022,,,,,,,,
,,,,,,,,,,,,,,,,,,,,,,,,,,,,,,,,,,,,,,,,,,,,,,,,,,,,,,,,,,,,,,,,,,,,,,,,,,,,,,,,,,,,,,,,,,,,,,,,,,,,,,,,,,,,,,,,,,,,,,,,,,,,,,,,,,,,,,,,,,,,,,,,,,,,,,,,,,,,,,,,,,,,,,,,,,,,,,,,,,,,,,,,,,,,,,,,,,,,,,,,,,,,,,,,,,,,,,,,,,,,,,,,,,,,,,,,,,,,,,,,,,,,,,,,,,,,,,,,,,,,,,,,,,,,,,,,,,,,,,,,,,,,,,,,,,,,,,,,,,,,,,,,,,,,,,,,,,,,,,,,,,,,,,,,,,,,,,,,,,,,,48,Madhya Pradesh,Sagar,Banda,"Madhya Bharat Consortium of Farmers Producer Company
 Ltd.",Banda Aatmnirbhar Kisan Producer Company Limited,U01631MP2023 PTC064746,Company Act,10-Mar-2023,,,,,,,,
,,,,,,,,,,,,,,,,,,,,,,,,,,,,,,,,,,,,,,,,,,,,,,,,,,,,,,,,,,,,,,,,,,,,,,,,,,,,,,,,,,,,,,,,,,,,,,,,,,,,,,,,,,,,,,,,,,,,,,,,,,,,,,,,,,,,,,,,,,,,,,,,,,,,,,,,,,,,,,,,,,,,,,,,,,,,,,,,,,,,,,,,,,,,,,,,,,,,,,,,,,,,,,,,,,,,,,,,,,,,,,,,,,,,,,,,,,,,,,,,,,,,,,,,,,,,,,,,,,,,,,,,,,,,,,,,,,,,,,,,,,,,,,,,,,,,,,,,,,,,,,,,,,,,,,,,,,,,,,,,,,,,,,,,,,,,,,,,,,,,,49,Madhya Pradesh,Sagar,Shahgarh,"Madhya Bharat Consortium of Farmers Producer Company
 Ltd.",Shahgarh Farmers Producer Company Limited,U01619MP2023 PTC065089,Company Act,3-Apr-2023,,,,,,,,
,,,,,,,,,,,,,,,,,,,,,,,,,,,,,,,,,,,,,,,,,,,,,,,,,,,,,,,,,,,,,,,,,,,,,,,,,,,,,,,,,,,,,,,,,,,,,,,,,,,,,,,,,,,,,,,,,,,,,,,,,,,,,,,,,,,,,,,,,,,,,,,,,,,,,,,,,,,,,,,,,,,,,,,,,,,,,,,,,,,,,,,,,,,,,,,,,,,,,,,,,,,,,,,,,,,,,,,,,,,,,,,,,,,,,,,,,,,,,,,,,,,,,,,,,,,,,,,,,,,,,,,,,,,,,,,,,,,,,,,,,,,,,,,,,,,,,,,,,,,,,,,,,,,,,,,,,,,,,,,,,,,,,,,,,,,,,,,,,,,,,50,Madhya Pradesh,Sagar,Sagar,"Madhya Bharat Consortium of Farmers Producer Company
 Ltd.",Bamhori Kisan Producer Company Limited,U01631MP2023 PTC064695,Company Act,28-Feb-2023,,,,,,,,
,,,,,,,,,,,,,,,,,,,,,,,,,,,,,,,,,,,,,,,,,,,,,,,,,,,,,,,,,,,,,,,,,,,,,,,,,,,,,,,,,,,,,,,,,,,,,,,,,,,,,,,,,,,,,,,,,,,,,,,,,,,,,,,,,,,,,,,,,,,,,,,,,,,,,,,,,,,,,,,,,,,,,,,,,,,,,,,,,,,,,,,,,,,,,,,,,,,,,,,,,,,,,,,,,,,,,,,,,,,,,,,,,,,,,,,,,,,,,,,,,,,,,,,,,,,,,,,,,,,,,,,,,,,,,,,,,,,,,,,,,,,,,,,,,,,,,,,,,,,,,,,,,,,,,,,,,,,,,,,,,,,,,,,,,,,,,,,,,,,,,51,Madhya Pradesh,Sagar,Jaisinagar,Madhya Bharat Consortium of Farmers Producer Company Ltd.,Jaisinagar Kisan Producer Company Limited,U01611MP2023 PTC064604,Company Act,13-Feb-2023,,,,,,,,
,,,,,,,,,,,,,,,,,,,,,,,,,,,,,,,,,,,,,,,,,,,,,,,,,,,,,,,,,,,,,,,,,,,,,,,,,,,,,,,,,,,,,,,,,,,,,,,,,,,,,,,,,,,,,,,,,,,,,,,,,,,,,,,,,,,,,,,,,,,,,,,,,,,,,,,,,,,,,,,,,,,,,,,,,,,,,,,,,,,,,,,,,,,,,,,,,,,,,,,,,,,,,,,,,,,,,,,,,,,,,,,,,,,,,,,,,,,,,,,,,,,,,,,,,,,,,,,,,,,,,,,,,,,,,,,,,,,,,,,,,,,,,,,,,,,,,,,,,,,,,,,,,,,,,,,,,,,,,,,,,,,,,,,,,,,,,,,,,,,,,52,Madhya Pradesh,Sagar,Kesli,Ashok Agritech and Social Development,Kesli-Sagar Farmer Producer Company Limited,U01100MP2023 PTC064161,Company Act,3-Jan-2023,,,,,,,,
,,,,,,,,,,,,,,,,,,,,,,,,,,,,,,,,,,,,,,,,,,,,,,,,,,,,,,,,,,,,,,,,,,,,,,,,,,,,,,,,,,,,,,,,,,,,,,,,,,,,,,,,,,,,,,,,,,,,,,,,,,,,,,,,,,,,,,,,,,,,,,,,,,,,,,,,,,,,,,,,,,,,,,,,,,,,,,,,,,,,,,,,,,,,,,,,,,,,,,,,,,,,,,,,,,,,,,,,,,,,,,,,,,,,,,,,,,,,,,,,,,,,,,,,,,,,,,,,,,,,,,,,,,,,,,,,,,,,,,,,,,,,,,,,,,,,,,,,,,,,,,,,,,,,,,,,,,,,,,,,,,,,,,,,,,,,,,,,,,,,,53,Madhya Pradesh,Sagar,Malthone,ITC Limited,Triyansi Agritech Farmer Producer Company Limited,U01611MP2023 PTC067478,Company Act,4-Sep-2023,,,,,,,,
,,,,,,,,,,,,,,,,,,,,,,,,,,,,,,,,,,,,,,,,,,,,,,,,,,,,,,,,,,,,,,,,,,,,,,,,,,,,,,,,,,,,,,,,,,,,,,,,,,,,,,,,,,,,,,,,,,,,,,,,,,,,,,,,,,,,,,,,,,,,,,,,,,,,,,,,,,,,,,,,,,,,,,,,,,,,,,,,,,,,,,,,,,,,,,,,,,,,,,,,,,,,,,,,,,,,,,,,,,,,,,,,,,,,,,,,,,,,,,,,,,,,,,,,,,,,,,,,,,,,,,,,,,,,,,,,,,,,,,,,,,,,,,,,,,,,,,,,,,,,,,,,,,,,,,,,,,,,,,,,,,,,,,,,,,,,,,,,,,,,,54,Madhya Pradesh,Sagar,Jaisinagar,ITC Limited,Sarkhadi Krishak Producer Company Limited,U01113MP2022 PTC062307,Company Act,19-Aug-2022,,,,,,,,
,,,,,,,,,,,,,,,,,,,,,,,,,,,,,,,,,,,,,,,,,,,,,,,,,,,,,,,,,,,,,,,,,,,,,,,,,,,,,,,,,,,,,,,,,,,,,,,,,,,,,,,,,,,,,,,,,,,,,,,,,,,,,,,,,,,,,,,,,,,,,,,,,,,,,,,,,,,,,,,,,,,,,,,,,,,,,,,,,,,,,,,,,,,,,,,,,,,,,,,,,,,,,,,,,,,,,,,,,,,,,,,,,,,,,,,,,,,,,,,,,,,,,,,,,,,,,,,,,,,,,,,,,,,,,,,,,,,,,,,,,,,,,,,,,,,,,,,,,,,,,,,,,,,,,,,,,,,,,,,,,,,,,,,,,,,,,,,,,,,,,55,Madhya Pradesh,Ratlam,Jaora,Arunodaya Sarveshwari Lok Kalyan Samiti,Maleni Progressive Farmers Producer Company Limited,U01409MP2022 PTC060224,Company Act,4-Apr-2022,,,,,,,,
,,,,,,,,,,,,,,,,,,,,,,,,,,,,,,,,,,,,,,,,,,,,,,,,,,,,,,,,,,,,,,,,,,,,,,,,,,,,,,,,,,,,,,,,,,,,,,,,,,,,,,,,,,,,,,,,,,,,,,,,,,,,,,,,,,,,,,,,,,,,,,,,,,,,,,,,,,,,,,,,,,,,,,,,,,,,,,,,,,,,,,,,,,,,,,,,,,,,,,,,,,,,,,,,,,,,,,,,,,,,,,,,,,,,,,,,,,,,,,,,,,,,,,,,,,,,,,,,,,,,,,,,,,,,,,,,,,,,,,,,,,,,,,,,,,,,,,,,,,,,,,,,,,,,,,,,,,,,,,,,,,,,,,,,,,,,,,,,,,,,,56,Madhya Pradesh,Ratlam,Ratlam City,Kissan Agro Marketing Co- operative Society Limited (KAMCO),Ratlam Crop Producer Company Limited,U01100MP2022 PTC061477,Company Act,22-Jun-2022,,,,,,,,
,,,,,,,,,,,,,,,,,,,,,,,,,,,,,,,,,,,,,,,,,,,,,,,,,,,,,,,,,,,,,,,,,,,,,,,,,,,,,,,,,,,,,,,,,,,,,,,,,,,,,,,,,,,,,,,,,,,,,,,,,,,,,,,,,,,,,,,,,,,,,,,,,,,,,,,,,,,,,,,,,,,,,,,,,,,,,,,,,,,,,,,,,,,,,,,,,,,,,,,,,,,,,,,,,,,,,,,,,,,,,,,,,,,,,,,,,,,,,,,,,,,,,,,,,,,,,,,,,,,,,,,,,,,,,,,,,,,,,,,,,,,,,,,,,,,,,,,,,,,,,,,,,,,,,,,,,,,,,,,,,,,,,,,,,,,,,,,,,,,,,57,Madhya Pradesh,Ratlam,Piploda,"Kissan Agro Marketing Co- operative Society Limited
 (KAMCO)",Piploda Farmer Producer Company Limited,U01110MP2022 PTC061803,Company Act,13-Jul-2022,,,,,,,,
,,,,,,,,,,,,,,,,,,,,,,,,,,,,,,,,,,,,,,,,,,,,,,,,,,,,,,,,,,,,,,,,,,,,,,,,,,,,,,,,,,,,,,,,,,,,,,,,,,,,,,,,,,,,,,,,,,,,,,,,,,,,,,,,,,,,,,,,,,,,,,,,,,,,,,,,,,,,,,,,,,,,,,,,,,,,,,,,,,,,,,,,,,,,,,,,,,,,,,,,,,,,,,,,,,,,,,,,,,,,,,,,,,,,,,,,,,,,,,,,,,,,,,,,,,,,,,,,,,,,,,,,,,,,,,,,,,,,,,,,,,,,,,,,,,,,,,,,,,,,,,,,,,,,,,,,,,,,,,,,,,,,,,,,,,,,,,,,,,,,,58,Madhya Pradesh,Ratlam,Sailana,"Kissan Agro Marketing Co- operative Society Limited
 (KAMCO)",Sailana Farmer Producer Company Limited,U01100MP2022 PTC061438,Company Act,21-Jun-2022,,,,,,,,
,,,,,,,,,,,,,,,,,,,,,,,,,,,,,,,,,,,,,,,,,,,,,,,,,,,,,,,,,,,,,,,,,,,,,,,,,,,,,,,,,,,,,,,,,,,,,,,,,,,,,,,,,,,,,,,,,,,,,,,,,,,,,,,,,,,,,,,,,,,,,,,,,,,,,,,,,,,,,,,,,,,,,,,,,,,,,,,,,,,,,,,,,,,,,,,,,,,,,,,,,,,,,,,,,,,,,,,,,,,,,,,,,,,,,,,,,,,,,,,,,,,,,,,,,,,,,,,,,,,,,,,,,,,,,,,,,,,,,,,,,,,,,,,,,,,,,,,,,,,,,,,,,,,,,,,,,,,,,,,,,,,,,,,,,,,,,,,,,,,,,59,Madhya Pradesh,Ratlam,Sailana,ITC Limited,Shivgarh Krishak Farmers Producer Company Limited,U01409MP2022 PTC059637,Company Act,18-Feb-2022,,,,,,,,
,,,,,,,,,,,,,,,,,,,,,,,,,,,,,,,,,,,,,,,,,,,,,,,,,,,,,,,,,,,,,,,,,,,,,,,,,,,,,,,,,,,,,,,,,,,,,,,,,,,,,,,,,,,,,,,,,,,,,,,,,,,,,,,,,,,,,,,,,,,,,,,,,,,,,,,,,,,,,,,,,,,,,,,,,,,,,,,,,,,,,,,,,,,,,,,,,,,,,,,,,,,,,,,,,,,,,,,,,,,,,,,,,,,,,,,,,,,,,,,,,,,,,,,,,,,,,,,,,,,,,,,,,,,,,,,,,,,,,,,,,,,,,,,,,,,,,,,,,,,,,,,,,,,,,,,,,,,,,,,,,,,,,,,,,,,,,,,,,,,,,60,Madhya Pradesh,Ratlam,Ratlam,ITC Limited,Barbodna Farmer Producer Company Limited,U01100MP2022 PTC062441,Company Act,26-Aug-2022,,,,,,,,
,,,,,,,,,,,,,,,,,,,,,,,,,,,,,,,,,,,,,,,,,,,,,,,,,,,,,,,,,,,,,,,,,,,,,,,,,,,,,,,,,,,,,,,,,,,,,,,,,,,,,,,,,,,,,,,,,,,,,,,,,,,,,,,,,,,,,,,,,,,,,,,,,,,,,,,,,,,,,,,,,,,,,,,,,,,,,,,,,,,,,,,,,,,,,,,,,,,,,,,,,,,,,,,,,,,,,,,,,,,,,,,,,,,,,,,,,,,,,,,,,,,,,,,,,,,,,,,,,,,,,,,,,,,,,,,,,,,,,,,,,,,,,,,,,,,,,,,,,,,,,,,,,,,,,,,,,,,,,,,,,,,,,,,,,,,,,,,,,,,,,61,Madhya Pradesh,Ratlam,Alot,ITC Limited,Revasubha Farmers Producer Company Limited,U01100MP2022 PTC062583,Company Act,6-Sep-2022,,,,,,,,
,,,,,,,,,,,,,,,,,,,,,,,,,,,,,,,,,,,,,,,,,,,,,,,,,,,,,,,,,,,,,,,,,,,,,,,,,,,,,,,,,,,,,,,,,,,,,,,,,,,,,,,,,,,,,,,,,,,,,,,,,,,,,,,,,,,,,,,,,,,,,,,,,,,,,,,,,,,,,,,,,,,,,,,,,,,,,,,,,,,,,,,,,,,,,,,,,,,,,,,,,,,,,,,,,,,,,,,,,,,,,,,,,,,,,,,,,,,,,,,,,,,,,,,,,,,,,,,,,,,,,,,,,,,,,,,,,,,,,,,,,,,,,,,,,,,,,,,,,,,,,,,,,,,,,,,,,,,,,,,,,,,,,,,,,,,,,,,,,,,,,62,Madhya Pradesh,Ratlam,Piploda,ITC Limited,Maukhedi Kisan Producer Company Limited,U01100MP2022 PTC062325,Company Act,22-Aug-2022,,,,,,,,
,,,,,,,,,,,,,,,,,,,,,,,,,,,,,,,,,,,,,,,,,,,,,,,,,,,,,,,,,,,,,,,,,,,,,,,,,,,,,,,,,,,,,,,,,,,,,,,,,,,,,,,,,,,,,,,,,,,,,,,,,,,,,,,,,,,,,,,,,,,,,,,,,,,,,,,,,,,,,,,,,,,,,,,,,,,,,,,,,,,,,,,,,,,,,,,,,,,,,,,,,,,,,,,,,,,,,,,,,,,,,,,,,,,,,,,,,,,,,,,,,,,,,,,,,,,,,,,,,,,,,,,,,,,,,,,,,,,,,,,,,,,,,,,,,,,,,,,,,,,,,,,,,,,,,,,,,,,,,,,,,,,,,,,,,,,,,,,,,,,,,63,Madhya Pradesh,Ratlam,Alot,Kissan Agro Marketing Co- operative Society Limited (KAMCO),Alot Farmer Producer Company Limited,U01113MP2023 PTC065618,Company Act,6-May-2023,,,,,,,,
,,,,,,,,,,,,,,,,,,,,,,,,,,,,,,,,,,,,,,,,,,,,,,,,,,,,,,,,,,,,,,,,,,,,,,,,,,,,,,,,,,,,,,,,,,,,,,,,,,,,,,,,,,,,,,,,,,,,,,,,,,,,,,,,,,,,,,,,,,,,,,,,,,,,,,,,,,,,,,,,,,,,,,,,,,,,,,,,,,,,,,,,,,,,,,,,,,,,,,,,,,,,,,,,,,,,,,,,,,,,,,,,,,,,,,,,,,,,,,,,,,,,,,,,,,,,,,,,,,,,,,,,,,,,,,,,,,,,,,,,,,,,,,,,,,,,,,,,,,,,,,,,,,,,,,,,,,,,,,,,,,,,,,,,,,,,,,,,,,,,,64,Madhya Pradesh,Ratlam,Bajna,Arunodaya Sarveshwari Lok Kalyan Samiti,Shivbadlinaturals Famer Producer Company Limited,U01611MP2023 PTC066260,Company Act,13-Jun-2023,,,,,,,,
,,,,,,,,,,,,,,,,,,,,,,,,,,,,,,,,,,,,,,,,,,,,,,,,,,,,,,,,,,,,,,,,,,,,,,,,,,,,,,,,,,,,,,,,,,,,,,,,,,,,,,,,,,,,,,,,,,,,,,,,,,,,,,,,,,,,,,,,,,,,,,,,,,,,,,,,,,,,,,,,,,,,,,,,,,,,,,,,,,,,,,,,,,,,,,,,,,,,,,,,,,,,,,,,,,,,,,,,,,,,,,,,,,,,,,,,,,,,,,,,,,,,,,,,,,,,,,,,,,,,,,,,,,,,,,,,,,,,,,,,,,,,,,,,,,,,,,,,,,,,,,,,,,,,,,,,,,,,,,,,,,,,,,,,,,,,,,,,,,,,,65,Madhya Pradesh,Ratlam,Alot,Arunodaya Sarveshwari Lok Kalyan Samiti,Lasudiyakhedi Farmer Producer Company Limited,U01611MP2023 PTC066264,Company Act,13-Jun-2023,,,,,,,,
,,,,,,,,,,,,,,,,,,,,,,,,,,,,,,,,,,,,,,,,,,,,,,,,,,,,,,,,,,,,,,,,,,,,,,,,,,,,,,,,,,,,,,,,,,,,,,,,,,,,,,,,,,,,,,,,,,,,,,,,,,,,,,,,,,,,,,,,,,,,,,,,,,,,,,,,,,,,,,,,,,,,,,,,,,,,,,,,,,,,,,,,,,,,,,,,,,,,,,,,,,,,,,,,,,,,,,,,,,,,,,,,,,,,,,,,,,,,,,,,,,,,,,,,,,,,,,,,,,,,,,,,,,,,,,,,,,,,,,,,,,,,,,,,,,,,,,,,,,,,,,,,,,,,,,,,,,,,,,,,,,,,,,,,,,,,,,,,,,,,,66,Madhya Pradesh,Ratlam,Jaora,ITC Limited,Goldenkalaliya Farmer Producer Company Limited,U01120MP2023 PTC064422,Company Act,16-Jan-2023,,,,,,,,
,,,,,,,,,,,,,,,,,,,,,,,,,,,,,,,,,,,,,,,,,,,,,,,,,,,,,,,,,,,,,,,,,,,,,,,,,,,,,,,,,,,,,,,,,,,,,,,,,,,,,,,,,,,,,,,,,,,,,,,,,,,,,,,,,,,,,,,,,,,,,,,,,,,,,,,,,,,,,,,,,,,,,,,,,,,,,,,,,,,,,,,,,,,,,,,,,,,,,,,,,,,,,,,,,,,,,,,,,,,,,,,,,,,,,,,,,,,,,,,,,,,,,,,,,,,,,,,,,,,,,,,,,,,,,,,,,,,,,,,,,,,,,,,,,,,,,,,,,,,,,,,,,,,,,,,,,,,,,,,,,,,,,,,,,,,,,,,,,,,,,67,Madhya Pradesh,Rewa,Gangev,"Madhya Bharat Consortium of Farmers Producer Company
 Ltd.",Mangawan Unnati Kisan Producer Company Limited,U01111MP2023 PTC064204,Company Act,4-Jan-2023,,,,,,,,
,,,,,,,,,,,,,,,,,,,,,,,,,,,,,,,,,,,,,,,,,,,,,,,,,,,,,,,,,,,,,,,,,,,,,,,,,,,,,,,,,,,,,,,,,,,,,,,,,,,,,,,,,,,,,,,,,,,,,,,,,,,,,,,,,,,,,,,,,,,,,,,,,,,,,,,,,,,,,,,,,,,,,,,,,,,,,,,,,,,,,,,,,,,,,,,,,,,,,,,,,,,,,,,,,,,,,,,,,,,,,,,,,,,,,,,,,,,,,,,,,,,,,,,,,,,,,,,,,,,,,,,,,,,,,,,,,,,,,,,,,,,,,,,,,,,,,,,,,,,,,,,,,,,,,,,,,,,,,,,,,,,,,,,,,,,,,,,,,,,,,68,Madhya Pradesh,Rewa,Teonthar,"Madhya Bharat Consortium of Farmers Producer Company
 Ltd.",Sohagi Kisan Producer Company Limited,U01111MP2022 PTC063899,Company Act,20-Dec-2022,,,,,,,,
,,,,,,,,,,,,,,,,,,,,,,,,,,,,,,,,,,,,,,,,,,,,,,,,,,,,,,,,,,,,,,,,,,,,,,,,,,,,,,,,,,,,,,,,,,,,,,,,,,,,,,,,,,,,,,,,,,,,,,,,,,,,,,,,,,,,,,,,,,,,,,,,,,,,,,,,,,,,,,,,,,,,,,,,,,,,,,,,,,,,,,,,,,,,,,,,,,,,,,,,,,,,,,,,,,,,,,,,,,,,,,,,,,,,,,,,,,,,,,,,,,,,,,,,,,,,,,,,,,,,,,,,,,,,,,,,,,,,,,,,,,,,,,,,,,,,,,,,,,,,,,,,,,,,,,,,,,,,,,,,,,,,,,,,,,,,,,,,,,,,,69,Madhya Pradesh,Rewa,Jawa,"National Institute of Women Child and Youth Development
 (NIWCYD)",Jawa Millets Natural Farmer Producer Company Limited,U01639MP2024 PTC072020,Company Act,3-Jul-2024,,,,,,,,
,,,,,,,,,,,,,,,,,,,,,,,,,,,,,,,,,,,,,,,,,,,,,,,,,,,,,,,,,,,,,,,,,,,,,,,,,,,,,,,,,,,,,,,,,,,,,,,,,,,,,,,,,,,,,,,,,,,,,,,,,,,,,,,,,,,,,,,,,,,,,,,,,,,,,,,,,,,,,,,,,,,,,,,,,,,,,,,,,,,,,,,,,,,,,,,,,,,,,,,,,,,,,,,,,,,,,,,,,,,,,,,,,,,,,,,,,,,,,,,,,,,,,,,,,,,,,,,,,,,,,,,,,,,,,,,,,,,,,,,,,,,,,,,,,,,,,,,,,,,,,,,,,,,,,,,,,,,,,,,,,,,,,,,,,,,,,,,,,,,,,70,Madhya Pradesh,Dhar,Dahi,Integrated Socio Economic Development Services (ISED),Dahi Farmers Producer Company Limited,U01100MP2022 PTC060856,Company Act,13-May-2022,,,,,,,,
,,,,,,,,,,,,,,,,,,,,,,,,,,,,,,,,,,,,,,,,,,,,,,,,,,,,,,,,,,,,,,,,,,,,,,,,,,,,,,,,,,,,,,,,,,,,,,,,,,,,,,,,,,,,,,,,,,,,,,,,,,,,,,,,,,,,,,,,,,,,,,,,,,,,,,,,,,,,,,,,,,,,,,,,,,,,,,,,,,,,,,,,,,,,,,,,,,,,,,,,,,,,,,,,,,,,,,,,,,,,,,,,,,,,,,,,,,,,,,,,,,,,,,,,,,,,,,,,,,,,,,,,,,,,,,,,,,,,,,,,,,,,,,,,,,,,,,,,,,,,,,,,,,,,,,,,,,,,,,,,,,,,,,,,,,,,,,,,,,,,,71,Madhya Pradesh,Dhar,Nalacha,Lupin Human Welfare & Research Foundation,Jogi Bhadak Farmer Producer Company Limited,U01100MP2022 PTC060280,Company Act,6-Apr-2022,,,,,,,,
,,,,,,,,,,,,,,,,,,,,,,,,,,,,,,,,,,,,,,,,,,,,,,,,,,,,,,,,,,,,,,,,,,,,,,,,,,,,,,,,,,,,,,,,,,,,,,,,,,,,,,,,,,,,,,,,,,,,,,,,,,,,,,,,,,,,,,,,,,,,,,,,,,,,,,,,,,,,,,,,,,,,,,,,,,,,,,,,,,,,,,,,,,,,,,,,,,,,,,,,,,,,,,,,,,,,,,,,,,,,,,,,,,,,,,,,,,,,,,,,,,,,,,,,,,,,,,,,,,,,,,,,,,,,,,,,,,,,,,,,,,,,,,,,,,,,,,,,,,,,,,,,,,,,,,,,,,,,,,,,,,,,,,,,,,,,,,,,,,,,,72,Madhya Pradesh,Dhar,Badnawar,ITC Limited,Phuledi Progressive Farmers Producer Company Limited,U01119MP2022 PTC060066,Company Act,25-Mar-2022,,,,,,,,
,,,,,,,,,,,,,,,,,,,,,,,,,,,,,,,,,,,,,,,,,,,,,,,,,,,,,,,,,,,,,,,,,,,,,,,,,,,,,,,,,,,,,,,,,,,,,,,,,,,,,,,,,,,,,,,,,,,,,,,,,,,,,,,,,,,,,,,,,,,,,,,,,,,,,,,,,,,,,,,,,,,,,,,,,,,,,,,,,,,,,,,,,,,,,,,,,,,,,,,,,,,,,,,,,,,,,,,,,,,,,,,,,,,,,,,,,,,,,,,,,,,,,,,,,,,,,,,,,,,,,,,,,,,,,,,,,,,,,,,,,,,,,,,,,,,,,,,,,,,,,,,,,,,,,,,,,,,,,,,,,,,,,,,,,,,,,,,,,,,,,73,Madhya Pradesh,Dhar,Nalacha,ITC Limited,Ekalduna Progressive Farmers Producer Company Limited,U01100MP2022 PTC060000,Company Act,22-Mar-2022,,,,,,,,
,,,,,,,,,,,,,,,,,,,,,,,,,,,,,,,,,,,,,,,,,,,,,,,,,,,,,,,,,,,,,,,,,,,,,,,,,,,,,,,,,,,,,,,,,,,,,,,,,,,,,,,,,,,,,,,,,,,,,,,,,,,,,,,,,,,,,,,,,,,,,,,,,,,,,,,,,,,,,,,,,,,,,,,,,,,,,,,,,,,,,,,,,,,,,,,,,,,,,,,,,,,,,,,,,,,,,,,,,,,,,,,,,,,,,,,,,,,,,,,,,,,,,,,,,,,,,,,,,,,,,,,,,,,,,,,,,,,,,,,,,,,,,,,,,,,,,,,,,,,,,,,,,,,,,,,,,,,,,,,,,,,,,,,,,,,,,,,,,,,,,74,Madhya Pradesh,Dhar,Tirla,ITC Limited,Aahustar Farmer Producer Company Limited,U01400MP2022 PTC062493,Company Act,30-Aug-2022,,,,,,,,
,,,,,,,,,,,,,,,,,,,,,,,,,,,,,,,,,,,,,,,,,,,,,,,,,,,,,,,,,,,,,,,,,,,,,,,,,,,,,,,,,,,,,,,,,,,,,,,,,,,,,,,,,,,,,,,,,,,,,,,,,,,,,,,,,,,,,,,,,,,,,,,,,,,,,,,,,,,,,,,,,,,,,,,,,,,,,,,,,,,,,,,,,,,,,,,,,,,,,,,,,,,,,,,,,,,,,,,,,,,,,,,,,,,,,,,,,,,,,,,,,,,,,,,,,,,,,,,,,,,,,,,,,,,,,,,,,,,,,,,,,,,,,,,,,,,,,,,,,,,,,,,,,,,,,,,,,,,,,,,,,,,,,,,,,,,,,,,,,,,,,75,Madhya Pradesh,Dhar,Dhar,ITC Limited,Tornod Farmer Producer Company Limited,U01409MP2022 PTC062065,Company Act,29-Jul-2022,,,,,,,,
,,,,,,,,,,,,,,,,,,,,,,,,,,,,,,,,,,,,,,,,,,,,,,,,,,,,,,,,,,,,,,,,,,,,,,,,,,,,,,,,,,,,,,,,,,,,,,,,,,,,,,,,,,,,,,,,,,,,,,,,,,,,,,,,,,,,,,,,,,,,,,,,,,,,,,,,,,,,,,,,,,,,,,,,,,,,,,,,,,,,,,,,,,,,,,,,,,,,,,,,,,,,,,,,,,,,,,,,,,,,,,,,,,,,,,,,,,,,,,,,,,,,,,,,,,,,,,,,,,,,,,,,,,,,,,,,,,,,,,,,,,,,,,,,,,,,,,,,,,,,,,,,,,,,,,,,,,,,,,,,,,,,,,,,,,,,,,,,,,,,,76,Madhya Pradesh,Dhar,Sardarpur,ITC Limited,Bandedi Progressive Farmers Producer Company Limited,U01409MP2022 PTC060229,Company Act,4-Apr-2022,,,,,,,,
,,,,,,,,,,,,,,,,,,,,,,,,,,,,,,,,,,,,,,,,,,,,,,,,,,,,,,,,,,,,,,,,,,,,,,,,,,,,,,,,,,,,,,,,,,,,,,,,,,,,,,,,,,,,,,,,,,,,,,,,,,,,,,,,,,,,,,,,,,,,,,,,,,,,,,,,,,,,,,,,,,,,,,,,,,,,,,,,,,,,,,,,,,,,,,,,,,,,,,,,,,,,,,,,,,,,,,,,,,,,,,,,,,,,,,,,,,,,,,,,,,,,,,,,,,,,,,,,,,,,,,,,,,,,,,,,,,,,,,,,,,,,,,,,,,,,,,,,,,,,,,,,,,,,,,,,,,,,,,,,,,,,,,,,,,,,,,,,,,,,,77,Madhya Pradesh,Dhar,Kukshi,Arunodaya Sarveshwari Lok Kalyan Samiti,Upvedanaturals Farmer Producer Company Limited,U01611MP2023 PTC066379,Company Act,23-Jun-2023,,,,,,,,
,,,,,,,,,,,,,,,,,,,,,,,,,,,,,,,,,,,,,,,,,,,,,,,,,,,,,,,,,,,,,,,,,,,,,,,,,,,,,,,,,,,,,,,,,,,,,,,,,,,,,,,,,,,,,,,,,,,,,,,,,,,,,,,,,,,,,,,,,,,,,,,,,,,,,,,,,,,,,,,,,,,,,,,,,,,,,,,,,,,,,,,,,,,,,,,,,,,,,,,,,,,,,,,,,,,,,,,,,,,,,,,,,,,,,,,,,,,,,,,,,,,,,,,,,,,,,,,,,,,,,,,,,,,,,,,,,,,,,,,,,,,,,,,,,,,,,,,,,,,,,,,,,,,,,,,,,,,,,,,,,,,,,,,,,,,,,,,,,,,,,78,Madhya Pradesh,Dhar,Umarvan,Arunodaya Sarveshwari Lok Kalyan Samiti,Umarbannaturals Farmer Producer Company Limited,U01611MP2023 PTC066456,Company Act,29-Jun-2023,,,,,,,,
,,,,,,,,,,,,,,,,,,,,,,,,,,,,,,,,,,,,,,,,,,,,,,,,,,,,,,,,,,,,,,,,,,,,,,,,,,,,,,,,,,,,,,,,,,,,,,,,,,,,,,,,,,,,,,,,,,,,,,,,,,,,,,,,,,,,,,,,,,,,,,,,,,,,,,,,,,,,,,,,,,,,,,,,,,,,,,,,,,,,,,,,,,,,,,,,,,,,,,,,,,,,,,,,,,,,,,,,,,,,,,,,,,,,,,,,,,,,,,,,,,,,,,,,,,,,,,,,,,,,,,,,,,,,,,,,,,,,,,,,,,,,,,,,,,,,,,,,,,,,,,,,,,,,,,,,,,,,,,,,,,,,,,,,,,,,,,,,,,,,,79,Madhya Pradesh,Dhar,Manawar,Samunnati Agro Solution Pvt. Ltd.,"Manawar Harsiddhi Mahila Kisan Producer Company
 Limited",U01100MP2022 PTC062811,Company Act,21-Sep-2022,,,,,,,,
,,,,,,,,,,,,,,,,,,,,,,,,,,,,,,,,,,,,,,,,,,,,,,,,,,,,,,,,,,,,,,,,,,,,,,,,,,,,,,,,,,,,,,,,,,,,,,,,,,,,,,,,,,,,,,,,,,,,,,,,,,,,,,,,,,,,,,,,,,,,,,,,,,,,,,,,,,,,,,,,,,,,,,,,,,,,,,,,,,,,,,,,,,,,,,,,,,,,,,,,,,,,,,,,,,,,,,,,,,,,,,,,,,,,,,,,,,,,,,,,,,,,,,,,,,,,,,,,,,,,,,,,,,,,,,,,,,,,,,,,,,,,,,,,,,,,,,,,,,,,,,,,,,,,,,,,,,,,,,,,,,,,,,,,,,,,,,,,,,,,,80,Madhya Pradesh,Betul,Betul,Krishi Vikas Sahakari Samiti Limited,Growpure Agro Krishi Producer Company Limited,U01400MP2021 PTC055536,Company Act,25-Mar-2021,,,,,,,,
,,,,,,,,,,,,,,,,,,,,,,,,,,,,,,,,,,,,,,,,,,,,,,,,,,,,,,,,,,,,,,,,,,,,,,,,,,,,,,,,,,,,,,,,,,,,,,,,,,,,,,,,,,,,,,,,,,,,,,,,,,,,,,,,,,,,,,,,,,,,,,,,,,,,,,,,,,,,,,,,,,,,,,,,,,,,,,,,,,,,,,,,,,,,,,,,,,,,,,,,,,,,,,,,,,,,,,,,,,,,,,,,,,,,,,,,,,,,,,,,,,,,,,,,,,,,,,,,,,,,,,,,,,,,,,,,,,,,,,,,,,,,,,,,,,,,,,,,,,,,,,,,,,,,,,,,,,,,,,,,,,,,,,,,,,,,,,,,,,,,,81,Madhya Pradesh,Betul,Ghoradongri,Krishi Vikas Sahakari Samiti Limited,Aggrovilla Farmer Producer Company Limited,U01400MP2021 PTC055320,Company Act,15-Mar-2021,,,,,,,,
,,,,,,,,,,,,,,,,,,,,,,,,,,,,,,,,,,,,,,,,,,,,,,,,,,,,,,,,,,,,,,,,,,,,,,,,,,,,,,,,,,,,,,,,,,,,,,,,,,,,,,,,,,,,,,,,,,,,,,,,,,,,,,,,,,,,,,,,,,,,,,,,,,,,,,,,,,,,,,,,,,,,,,,,,,,,,,,,,,,,,,,,,,,,,,,,,,,,,,,,,,,,,,,,,,,,,,,,,,,,,,,,,,,,,,,,,,,,,,,,,,,,,,,,,,,,,,,,,,,,,,,,,,,,,,,,,,,,,,,,,,,,,,,,,,,,,,,,,,,,,,,,,,,,,,,,,,,,,,,,,,,,,,,,,,,,,,,,,,,,,82,Madhya Pradesh,Betul,Betul,Action for Social Advancement(ASA),Betul Sfac Women Farmer Producer Company Limited,U01100MP2021 PTC056077,Company Act,15-May-2021,,,,,,,,
,,,,,,,,,,,,,,,,,,,,,,,,,,,,,,,,,,,,,,,,,,,,,,,,,,,,,,,,,,,,,,,,,,,,,,,,,,,,,,,,,,,,,,,,,,,,,,,,,,,,,,,,,,,,,,,,,,,,,,,,,,,,,,,,,,,,,,,,,,,,,,,,,,,,,,,,,,,,,,,,,,,,,,,,,,,,,,,,,,,,,,,,,,,,,,,,,,,,,,,,,,,,,,,,,,,,,,,,,,,,,,,,,,,,,,,,,,,,,,,,,,,,,,,,,,,,,,,,,,,,,,,,,,,,,,,,,,,,,,,,,,,,,,,,,,,,,,,,,,,,,,,,,,,,,,,,,,,,,,,,,,,,,,,,,,,,,,,,,,,,,83,Madhya Pradesh,Betul,Athner,Action for Social Advancement(ASA),Athner Sfac Women Farmer Producer Company Limited,U01100MP2021 PTC056115,Company Act,20-May-2021,,,,,,,,
,,,,,,,,,,,,,,,,,,,,,,,,,,,,,,,,,,,,,,,,,,,,,,,,,,,,,,,,,,,,,,,,,,,,,,,,,,,,,,,,,,,,,,,,,,,,,,,,,,,,,,,,,,,,,,,,,,,,,,,,,,,,,,,,,,,,,,,,,,,,,,,,,,,,,,,,,,,,,,,,,,,,,,,,,,,,,,,,,,,,,,,,,,,,,,,,,,,,,,,,,,,,,,,,,,,,,,,,,,,,,,,,,,,,,,,,,,,,,,,,,,,,,,,,,,,,,,,,,,,,,,,,,,,,,,,,,,,,,,,,,,,,,,,,,,,,,,,,,,,,,,,,,,,,,,,,,,,,,,,,,,,,,,,,,,,,,,,,,,,,,84,Madhya Pradesh,Betul,Bhimpur,Radiant Infonet Pvt. Ltd.,"Bhimpuragro Navkrishak Farmers Producer Company
 Limited",U01611MP2023 PTC065927,Company Act,26-May-2023,,,,,,,,
,,,,,,,,,,,,,,,,,,,,,,,,,,,,,,,,,,,,,,,,,,,,,,,,,,,,,,,,,,,,,,,,,,,,,,,,,,,,,,,,,,,,,,,,,,,,,,,,,,,,,,,,,,,,,,,,,,,,,,,,,,,,,,,,,,,,,,,,,,,,,,,,,,,,,,,,,,,,,,,,,,,,,,,,,,,,,,,,,,,,,,,,,,,,,,,,,,,,,,,,,,,,,,,,,,,,,,,,,,,,,,,,,,,,,,,,,,,,,,,,,,,,,,,,,,,,,,,,,,,,,,,,,,,,,,,,,,,,,,,,,,,,,,,,,,,,,,,,,,,,,,,,,,,,,,,,,,,,,,,,,,,,,,,,,,,,,,,,,,,,,85,Madhya Pradesh,Betul,Chicholi,Radiant Infonet Pvt. Ltd.,"Chicholiagro Navkrishak
 Farmers Producer Company Limited",U01611MP2023 PTC065907,Company Act,25-May-2023,,,,,,,,
,,,,,,,,,,,,,,,,,,,,,,,,,,,,,,,,,,,,,,,,,,,,,,,,,,,,,,,,,,,,,,,,,,,,,,,,,,,,,,,,,,,,,,,,,,,,,,,,,,,,,,,,,,,,,,,,,,,,,,,,,,,,,,,,,,,,,,,,,,,,,,,,,,,,,,,,,,,,,,,,,,,,,,,,,,,,,,,,,,,,,,,,,,,,,,,,,,,,,,,,,,,,,,,,,,,,,,,,,,,,,,,,,,,,,,,,,,,,,,,,,,,,,,,,,,,,,,,,,,,,,,,,,,,,,,,,,,,,,,,,,,,,,,,,,,,,,,,,,,,,,,,,,,,,,,,,,,,,,,,,,,,,,,,,,,,,,,,,,,,,,86,Madhya Pradesh,Betul,Prabhat Pattan,ITC Limited,Anantpuri Maharaj Farmer Producer Company Limited,U01611MP2025 PTC074339,Company Act,20-Jan-2025,,,,,,,,
,,,,,,,,,,,,,,,,,,,,,,,,,,,,,,,,,,,,,,,,,,,,,,,,,,,,,,,,,,,,,,,,,,,,,,,,,,,,,,,,,,,,,,,,,,,,,,,,,,,,,,,,,,,,,,,,,,,,,,,,,,,,,,,,,,,,,,,,,,,,,,,,,,,,,,,,,,,,,,,,,,,,,,,,,,,,,,,,,,,,,,,,,,,,,,,,,,,,,,,,,,,,,,,,,,,,,,,,,,,,,,,,,,,,,,,,,,,,,,,,,,,,,,,,,,,,,,,,,,,,,,,,,,,,,,,,,,,,,,,,,,,,,,,,,,,,,,,,,,,,,,,,,,,,,,,,,,,,,,,,,,,,,,,,,,,,,,,,,,,,,87,Madhya Pradesh,Betul,Bhainsdehi,ITC Limited,"Renuka Kisan Seva Sangam Farmer Producer Company
 Limited",U01611MP2025 PTC074309,Company Act,16-Jan-2025,,,,,,,,
,,,,,,,,,,,,,,,,,,,,,,,,,,,,,,,,,,,,,,,,,,,,,,,,,,,,,,,,,,,,,,,,,,,,,,,,,,,,,,,,,,,,,,,,,,,,,,,,,,,,,,,,,,,,,,,,,,,,,,,,,,,,,,,,,,,,,,,,,,,,,,,,,,,,,,,,,,,,,,,,,,,,,,,,,,,,,,,,,,,,,,,,,,,,,,,,,,,,,,,,,,,,,,,,,,,,,,,,,,,,,,,,,,,,,,,,,,,,,,,,,,,,,,,,,,,,,,,,,,,,,,,,,,,,,,,,,,,,,,,,,,,,,,,,,,,,,,,,,,,,,,,,,,,,,,,,,,,,,,,,,,,,,,,,,,,,,,,,,,,,,88,Madhya Pradesh,Balaghat,Balaghat,National Institute of Women Child and Youth Development (NIWCYD),Balaghat Rural Livelihood Seed Producer Company Limited,U01400MP2021 PTC055554,Company Act,25-Mar-2021,,,,,,,,
,,,,,,,,,,,,,,,,,,,,,,,,,,,,,,,,,,,,,,,,,,,,,,,,,,,,,,,,,,,,,,,,,,,,,,,,,,,,,,,,,,,,,,,,,,,,,,,,,,,,,,,,,,,,,,,,,,,,,,,,,,,,,,,,,,,,,,,,,,,,,,,,,,,,,,,,,,,,,,,,,,,,,,,,,,,,,,,,,,,,,,,,,,,,,,,,,,,,,,,,,,,,,,,,,,,,,,,,,,,,,,,,,,,,,,,,,,,,,,,,,,,,,,,,,,,,,,,,,,,,,,,,,,,,,,,,,,,,,,,,,,,,,,,,,,,,,,,,,,,,,,,,,,,,,,,,,,,,,,,,,,,,,,,,,,,,,,,,,,,,,89,Madhya Pradesh,Balaghat,Waraseoni,National Institute of Women Child and Youth Development (NIWCYD),Chinnor Vally Producer Company Limited,U01110MP2021 PTC056231,Company Act,7-Jun-2021,,,,,,,,
,,,,,,,,,,,,,,,,,,,,,,,,,,,,,,,,,,,,,,,,,,,,,,,,,,,,,,,,,,,,,,,,,,,,,,,,,,,,,,,,,,,,,,,,,,,,,,,,,,,,,,,,,,,,,,,,,,,,,,,,,,,,,,,,,,,,,,,,,,,,,,,,,,,,,,,,,,,,,,,,,,,,,,,,,,,,,,,,,,,,,,,,,,,,,,,,,,,,,,,,,,,,,,,,,,,,,,,,,,,,,,,,,,,,,,,,,,,,,,,,,,,,,,,,,,,,,,,,,,,,,,,,,,,,,,,,,,,,,,,,,,,,,,,,,,,,,,,,,,,,,,,,,,,,,,,,,,,,,,,,,,,,,,,,,,,,,,,,,,,,,90,Madhya Pradesh,Balaghat,Birsa,"Kissan Agro Marketing Co- operative Society Limited
 (KAMCO)",Birsa Crop Producer Company Limited,U01111MP2022 PTC063846,Company Act,16-Dec-2022,,,,,,,,
,,,,,,,,,,,,,,,,,,,,,,,,,,,,,,,,,,,,,,,,,,,,,,,,,,,,,,,,,,,,,,,,,,,,,,,,,,,,,,,,,,,,,,,,,,,,,,,,,,,,,,,,,,,,,,,,,,,,,,,,,,,,,,,,,,,,,,,,,,,,,,,,,,,,,,,,,,,,,,,,,,,,,,,,,,,,,,,,,,,,,,,,,,,,,,,,,,,,,,,,,,,,,,,,,,,,,,,,,,,,,,,,,,,,,,,,,,,,,,,,,,,,,,,,,,,,,,,,,,,,,,,,,,,,,,,,,,,,,,,,,,,,,,,,,,,,,,,,,,,,,,,,,,,,,,,,,,,,,,,,,,,,,,,,,,,,,,,,,,,,,91,Madhya Pradesh,Balaghat,Lalbarra,Doric Multimedia Private Limited,"Aquaculture Navkrishak Farmers Producer Company
 Limited",U01100MP2022 PTC063800,Company Act,14-Dec-2022,,,,,,,,
,,,,,,,,,,,,,,,,,,,,,,,,,,,,,,,,,,,,,,,,,,,,,,,,,,,,,,,,,,,,,,,,,,,,,,,,,,,,,,,,,,,,,,,,,,,,,,,,,,,,,,,,,,,,,,,,,,,,,,,,,,,,,,,,,,,,,,,,,,,,,,,,,,,,,,,,,,,,,,,,,,,,,,,,,,,,,,,,,,,,,,,,,,,,,,,,,,,,,,,,,,,,,,,,,,,,,,,,,,,,,,,,,,,,,,,,,,,,,,,,,,,,,,,,,,,,,,,,,,,,,,,,,,,,,,,,,,,,,,,,,,,,,,,,,,,,,,,,,,,,,,,,,,,,,,,,,,,,,,,,,,,,,,,,,,,,,,,,,,,,,92,Madhya Pradesh,Balaghat,Lanji,Doric Multimedia Private Limited,Lanjkai Navkrishak Farmers Producer Company Limited,U01611MP2023 PTC065382,Company Act,21-Apr-2023,,,,,,,,
,,,,,,,,,,,,,,,,,,,,,,,,,,,,,,,,,,,,,,,,,,,,,,,,,,,,,,,,,,,,,,,,,,,,,,,,,,,,,,,,,,,,,,,,,,,,,,,,,,,,,,,,,,,,,,,,,,,,,,,,,,,,,,,,,,,,,,,,,,,,,,,,,,,,,,,,,,,,,,,,,,,,,,,,,,,,,,,,,,,,,,,,,,,,,,,,,,,,,,,,,,,,,,,,,,,,,,,,,,,,,,,,,,,,,,,,,,,,,,,,,,,,,,,,,,,,,,,,,,,,,,,,,,,,,,,,,,,,,,,,,,,,,,,,,,,,,,,,,,,,,,,,,,,,,,,,,,,,,,,,,,,,,,,,,,,,,,,,,,,,,93,Madhya Pradesh,Balaghat,Paraswada,Doric Multimedia Private Limited,"Gangulbara Navkrishak Farmers Producer Company
 Limited",U01100MP2022 PTC064015,Company Act,27-Dec-2022,,,,,,,,
,,,,,,,,,,,,,,,,,,,,,,,,,,,,,,,,,,,,,,,,,,,,,,,,,,,,,,,,,,,,,,,,,,,,,,,,,,,,,,,,,,,,,,,,,,,,,,,,,,,,,,,,,,,,,,,,,,,,,,,,,,,,,,,,,,,,,,,,,,,,,,,,,,,,,,,,,,,,,,,,,,,,,,,,,,,,,,,,,,,,,,,,,,,,,,,,,,,,,,,,,,,,,,,,,,,,,,,,,,,,,,,,,,,,,,,,,,,,,,,,,,,,,,,,,,,,,,,,,,,,,,,,,,,,,,,,,,,,,,,,,,,,,,,,,,,,,,,,,,,,,,,,,,,,,,,,,,,,,,,,,,,,,,,,,,,,,,,,,,,,,94,Madhya Pradesh,Balaghat,Katangi,"National Institute of Women Child and Youth Development
 (NIWCYD)",Katangi Agrofarm Wholecrop Producer Company Limited,U01631MP2023 PTC067295,Company Act,21-Aug-2023,,,,,,,,
,,,,,,,,,,,,,,,,,,,,,,,,,,,,,,,,,,,,,,,,,,,,,,,,,,,,,,,,,,,,,,,,,,,,,,,,,,,,,,,,,,,,,,,,,,,,,,,,,,,,,,,,,,,,,,,,,,,,,,,,,,,,,,,,,,,,,,,,,,,,,,,,,,,,,,,,,,,,,,,,,,,,,,,,,,,,,,,,,,,,,,,,,,,,,,,,,,,,,,,,,,,,,,,,,,,,,,,,,,,,,,,,,,,,,,,,,,,,,,,,,,,,,,,,,,,,,,,,,,,,,,,,,,,,,,,,,,,,,,,,,,,,,,,,,,,,,,,,,,,,,,,,,,,,,,,,,,,,,,,,,,,,,,,,,,,,,,,,,,,,,95,Madhya Pradesh,Balaghat,Khairlangi,"National Institute of Women
 Child and Youth Development (NIWCYD)","Khairlanji Food Grains
 Farmer Producer Company Limited",U01631MP2023 PTC067572,Company Act,11-Sep-2023,,,,,,,,
,,,,,,,,,,,,,,,,,,,,,,,,,,,,,,,,,,,,,,,,,,,,,,,,,,,,,,,,,,,,,,,,,,,,,,,,,,,,,,,,,,,,,,,,,,,,,,,,,,,,,,,,,,,,,,,,,,,,,,,,,,,,,,,,,,,,,,,,,,,,,,,,,,,,,,,,,,,,,,,,,,,,,,,,,,,,,,,,,,,,,,,,,,,,,,,,,,,,,,,,,,,,,,,,,,,,,,,,,,,,,,,,,,,,,,,,,,,,,,,,,,,,,,,,,,,,,,,,,,,,,,,,,,,,,,,,,,,,,,,,,,,,,,,,,,,,,,,,,,,,,,,,,,,,,,,,,,,,,,,,,,,,,,,,,,,,,,,,,,,,,96,Madhya Pradesh,Balaghat,Balaghat,Ekgaon Technologies Private Limited,Gangulpara Ekgaon Farmer Producer Company Limited,U01619MP2024 PTC070291,Company Act,13-Mar-2024,,,,,,,,
,,,,,,,,,,,,,,,,,,,,,,,,,,,,,,,,,,,,,,,,,,,,,,,,,,,,,,,,,,,,,,,,,,,,,,,,,,,,,,,,,,,,,,,,,,,,,,,,,,,,,,,,,,,,,,,,,,,,,,,,,,,,,,,,,,,,,,,,,,,,,,,,,,,,,,,,,,,,,,,,,,,,,,,,,,,,,,,,,,,,,,,,,,,,,,,,,,,,,,,,,,,,,,,,,,,,,,,,,,,,,,,,,,,,,,,,,,,,,,,,,,,,,,,,,,,,,,,,,,,,,,,,,,,,,,,,,,,,,,,,,,,,,,,,,,,,,,,,,,,,,,,,,,,,,,,,,,,,,,,,,,,,,,,,,,,,,,,,,,,,,97,Madhya Pradesh,Ashoknagar,Ashoknagar,Indian Grameen Services (IGS),Raghuwanshi Krishak Producer Company Limited,U01110MP2021 PTC057614,Company Act,24-Sep-2021,,,,,,,,
,,,,,,,,,,,,,,,,,,,,,,,,,,,,,,,,,,,,,,,,,,,,,,,,,,,,,,,,,,,,,,,,,,,,,,,,,,,,,,,,,,,,,,,,,,,,,,,,,,,,,,,,,,,,,,,,,,,,,,,,,,,,,,,,,,,,,,,,,,,,,,,,,,,,,,,,,,,,,,,,,,,,,,,,,,,,,,,,,,,,,,,,,,,,,,,,,,,,,,,,,,,,,,,,,,,,,,,,,,,,,,,,,,,,,,,,,,,,,,,,,,,,,,,,,,,,,,,,,,,,,,,,,,,,,,,,,,,,,,,,,,,,,,,,,,,,,,,,,,,,,,,,,,,,,,,,,,,,,,,,,,,,,,,,,,,,,,,,,,,,,98,Madhya Pradesh,Ashoknagar,Chanderi,Indian Grameen Services (IGS),Jay Kisan Unnat Producer Company Limited,U01100MP2021 PTC057633,Company Act,25-Sep-2021,,,,,,,,
,,,,,,,,,,,,,,,,,,,,,,,,,,,,,,,,,,,,,,,,,,,,,,,,,,,,,,,,,,,,,,,,,,,,,,,,,,,,,,,,,,,,,,,,,,,,,,,,,,,,,,,,,,,,,,,,,,,,,,,,,,,,,,,,,,,,,,,,,,,,,,,,,,,,,,,,,,,,,,,,,,,,,,,,,,,,,,,,,,,,,,,,,,,,,,,,,,,,,,,,,,,,,,,,,,,,,,,,,,,,,,,,,,,,,,,,,,,,,,,,,,,,,,,,,,,,,,,,,,,,,,,,,,,,,,,,,,,,,,,,,,,,,,,,,,,,,,,,,,,,,,,,,,,,,,,,,,,,,,,,,,,,,,,,,,,,,,,,,,,,,99,Madhya Pradesh,Ashoknagar,Isagarh,Indian Grameen Services (IGS),Isagarh Farmers Producer Company Limited,U01119MP2022 PTC059727,Company Act,24-Feb-2022,,,,,,,,
,,,,,,,,,,,,,,,,,,,,,,,,,,,,,,,,,,,,,,,,,,,,,,,,,,,,,,,,,,,,,,,,,,,,,,,,,,,,,,,,,,,,,,,,,,,,,,,,,,,,,,,,,,,,,,,,,,,,,,,,,,,,,,,,,,,,,,,,,,,,,,,,,,,,,,,,,,,,,,,,,,,,,,,,,,,,,,,,,,,,,,,,,,,,,,,,,,,,,,,,,,,,,,,,,,,,,,,,,,,,,,,,,,,,,,,,,,,,,,,,,,,,,,,,,,,,,,,,,,,,,,,,,,,,,,,,,,,,,,,,,,,,,,,,,,,,,,,,,,,,,,,,,,,,,,,,,,,,,,,,,,,,,,,,,,,,,,,,,,,,,100,Madhya Pradesh,Ashoknagar,Mungaoli,Indian Grameen Services (IGS),Mungawali Farmers Producer Company Limited,U01100MP2022 PTC059889,Company Act,9-Mar-2022,,,,,,,,
,,,,,,,,,,,,,,,,,,,,,,,,,,,,,,,,,,,,,,,,,,,,,,,,,,,,,,,,,,,,,,,,,,,,,,,,,,,,,,,,,,,,,,,,,,,,,,,,,,,,,,,,,,,,,,,,,,,,,,,,,,,,,,,,,,,,,,,,,,,,,,,,,,,,,,,,,,,,,,,,,,,,,,,,,,,,,,,,,,,,,,,,,,,,,,,,,,,,,,,,,,,,,,,,,,,,,,,,,,,,,,,,,,,,,,,,,,,,,,,,,,,,,,,,,,,,,,,,,,,,,,,,,,,,,,,,,,,,,,,,,,,,,,,,,,,,,,,,,,,,,,,,,,,,,,,,,,,,,,,,,,,,,,,,,,,,,,,,,,,,,101,Madhya Pradesh,Ashoknagar,Ashoknagar,ITC Limited,Kachnaar Farmer Producer Company Limited,U01100MP2022 PTC062059,Company Act,29-Jul-2022,,,,,,,,
,,,,,,,,,,,,,,,,,,,,,,,,,,,,,,,,,,,,,,,,,,,,,,,,,,,,,,,,,,,,,,,,,,,,,,,,,,,,,,,,,,,,,,,,,,,,,,,,,,,,,,,,,,,,,,,,,,,,,,,,,,,,,,,,,,,,,,,,,,,,,,,,,,,,,,,,,,,,,,,,,,,,,,,,,,,,,,,,,,,,,,,,,,,,,,,,,,,,,,,,,,,,,,,,,,,,,,,,,,,,,,,,,,,,,,,,,,,,,,,,,,,,,,,,,,,,,,,,,,,,,,,,,,,,,,,,,,,,,,,,,,,,,,,,,,,,,,,,,,,,,,,,,,,,,,,,,,,,,,,,,,,,,,,,,,,,,,,,,,,,,102,Madhya Pradesh,Ashoknagar,Isagarh,ITC Limited,Devvrat Farmer Producer Company Limited,U01100MP2022 PTC062123,Company Act,3-Aug-2022,,,,,,,,
,,,,,,,,,,,,,,,,,,,,,,,,,,,,,,,,,,,,,,,,,,,,,,,,,,,,,,,,,,,,,,,,,,,,,,,,,,,,,,,,,,,,,,,,,,,,,,,,,,,,,,,,,,,,,,,,,,,,,,,,,,,,,,,,,,,,,,,,,,,,,,,,,,,,,,,,,,,,,,,,,,,,,,,,,,,,,,,,,,,,,,,,,,,,,,,,,,,,,,,,,,,,,,,,,,,,,,,,,,,,,,,,,,,,,,,,,,,,,,,,,,,,,,,,,,,,,,,,,,,,,,,,,,,,,,,,,,,,,,,,,,,,,,,,,,,,,,,,,,,,,,,,,,,,,,,,,,,,,,,,,,,,,,,,,,,,,,,,,,,,,103,Madhya Pradesh,Ashoknagar,Chanderi,Patanjali Foods Limited,Keralamata Agri Farmer Producer Company Limited,U01111MP2024 PTC069607,Company Act,1-Feb-2024,,,,,,,,
,,,,,,,,,,,,,,,,,,,,,,,,,,,,,,,,,,,,,,,,,,,,,,,,,,,,,,,,,,,,,,,,,,,,,,,,,,,,,,,,,,,,,,,,,,,,,,,,,,,,,,,,,,,,,,,,,,,,,,,,,,,,,,,,,,,,,,,,,,,,,,,,,,,,,,,,,,,,,,,,,,,,,,,,,,,,,,,,,,,,,,,,,,,,,,,,,,,,,,,,,,,,,,,,,,,,,,,,,,,,,,,,,,,,,,,,,,,,,,,,,,,,,,,,,,,,,,,,,,,,,,,,,,,,,,,,,,,,,,,,,,,,,,,,,,,,,,,,,,,,,,,,,,,,,,,,,,,,,,,,,,,,,,,,,,,,,,,,,,,,,104,Madhya Pradesh,Ashoknagar,Mungaoli,Patanjali Foods Limited,Mungaoli Kisan Pragati Producer Company Limited,U01111MP2024 PTC069237,Company Act,3-Jan-2024,,,,,,,,
,,,,,,,,,,,,,,,,,,,,,,,,,,,,,,,,,,,,,,,,,,,,,,,,,,,,,,,,,,,,,,,,,,,,,,,,,,,,,,,,,,,,,,,,,,,,,,,,,,,,,,,,,,,,,,,,,,,,,,,,,,,,,,,,,,,,,,,,,,,,,,,,,,,,,,,,,,,,,,,,,,,,,,,,,,,,,,,,,,,,,,,,,,,,,,,,,,,,,,,,,,,,,,,,,,,,,,,,,,,,,,,,,,,,,,,,,,,,,,,,,,,,,,,,,,,,,,,,,,,,,,,,,,,,,,,,,,,,,,,,,,,,,,,,,,,,,,,,,,,,,,,,,,,,,,,,,,,,,,,,,,,,,,,,,,,,,,,,,,,,,105,Madhya Pradesh,Ashoknagar,Ashoknagar,ITC Limited,Dangora Agro Farmer Producer Company Limited,U01119MP2022 PTC060183,Company Act,31-Mar-2022,,,,,,,,
,,,,,,,,,,,,,,,,,,,,,,,,,,,,,,,,,,,,,,,,,,,,,,,,,,,,,,,,,,,,,,,,,,,,,,,,,,,,,,,,,,,,,,,,,,,,,,,,,,,,,,,,,,,,,,,,,,,,,,,,,,,,,,,,,,,,,,,,,,,,,,,,,,,,,,,,,,,,,,,,,,,,,,,,,,,,,,,,,,,,,,,,,,,,,,,,,,,,,,,,,,,,,,,,,,,,,,,,,,,,,,,,,,,,,,,,,,,,,,,,,,,,,,,,,,,,,,,,,,,,,,,,,,,,,,,,,,,,,,,,,,,,,,,,,,,,,,,,,,,,,,,,,,,,,,,,,,,,,,,,,,,,,,,,,,,,,,,,,,,,,106,Madhya Pradesh,Ashoknagar,Isagarh,ITC Limited,Shivkund Farmer Producer Company Limited,U01100MP2022 PTC059428,Company Act,3-Feb-2022,,,,,,,,
,,,,,,,,,,,,,,,,,,,,,,,,,,,,,,,,,,,,,,,,,,,,,,,,,,,,,,,,,,,,,,,,,,,,,,,,,,,,,,,,,,,,,,,,,,,,,,,,,,,,,,,,,,,,,,,,,,,,,,,,,,,,,,,,,,,,,,,,,,,,,,,,,,,,,,,,,,,,,,,,,,,,,,,,,,,,,,,,,,,,,,,,,,,,,,,,,,,,,,,,,,,,,,,,,,,,,,,,,,,,,,,,,,,,,,,,,,,,,,,,,,,,,,,,,,,,,,,,,,,,,,,,,,,,,,,,,,,,,,,,,,,,,,,,,,,,,,,,,,,,,,,,,,,,,,,,,,,,,,,,,,,,,,,,,,,,,,,,,,,,,107,Madhya Pradesh,Tikamgarh,Tikamgarh,Integrated Socio Economic Development Services (ISED),Maa Karila Farmer Producer Company Limited,U01100MP2022 PTC060613,Company Act,26-Apr-2022,,,,,,,,
,,,,,,,,,,,,,,,,,,,,,,,,,,,,,,,,,,,,,,,,,,,,,,,,,,,,,,,,,,,,,,,,,,,,,,,,,,,,,,,,,,,,,,,,,,,,,,,,,,,,,,,,,,,,,,,,,,,,,,,,,,,,,,,,,,,,,,,,,,,,,,,,,,,,,,,,,,,,,,,,,,,,,,,,,,,,,,,,,,,,,,,,,,,,,,,,,,,,,,,,,,,,,,,,,,,,,,,,,,,,,,,,,,,,,,,,,,,,,,,,,,,,,,,,,,,,,,,,,,,,,,,,,,,,,,,,,,,,,,,,,,,,,,,,,,,,,,,,,,,,,,,,,,,,,,,,,,,,,,,,,,,,,,,,,,,,,,,,,,,,,108,Madhya Pradesh,Tikamgarh,Baldeogarh,Integrated Socio Economic Development Services (ISED),Bhoraj Mata Farmers Producer Company Limited,U01100MP2022 PTC060490,Company Act,20-Apr-2022,,,,,,,,
,,,,,,,,,,,,,,,,,,,,,,,,,,,,,,,,,,,,,,,,,,,,,,,,,,,,,,,,,,,,,,,,,,,,,,,,,,,,,,,,,,,,,,,,,,,,,,,,,,,,,,,,,,,,,,,,,,,,,,,,,,,,,,,,,,,,,,,,,,,,,,,,,,,,,,,,,,,,,,,,,,,,,,,,,,,,,,,,,,,,,,,,,,,,,,,,,,,,,,,,,,,,,,,,,,,,,,,,,,,,,,,,,,,,,,,,,,,,,,,,,,,,,,,,,,,,,,,,,,,,,,,,,,,,,,,,,,,,,,,,,,,,,,,,,,,,,,,,,,,,,,,,,,,,,,,,,,,,,,,,,,,,,,,,,,,,,,,,,,,,,109,Madhya Pradesh,Tikamgarh,Tikamgarh,ITC Limited,Madkhera Farmer Producer Company Limited,U01100MP2023 PTC064193,Company Act,4-Jan-2023,,,,,,,,
,,,,,,,,,,,,,,,,,,,,,,,,,,,,,,,,,,,,,,,,,,,,,,,,,,,,,,,,,,,,,,,,,,,,,,,,,,,,,,,,,,,,,,,,,,,,,,,,,,,,,,,,,,,,,,,,,,,,,,,,,,,,,,,,,,,,,,,,,,,,,,,,,,,,,,,,,,,,,,,,,,,,,,,,,,,,,,,,,,,,,,,,,,,,,,,,,,,,,,,,,,,,,,,,,,,,,,,,,,,,,,,,,,,,,,,,,,,,,,,,,,,,,,,,,,,,,,,,,,,,,,,,,,,,,,,,,,,,,,,,,,,,,,,,,,,,,,,,,,,,,,,,,,,,,,,,,,,,,,,,,,,,,,,,,,,,,,,,,,,,,110,Madhya Pradesh,Tikamgarh,Jatara,ITC Limited,Jatarapadmavati Agriculture Producer Company Limited,U01111MP2023 PTC067343,Company Act,23-Aug-2023,,,,,,,,
,,,,,,,,,,,,,,,,,,,,,,,,,,,,,,,,,,,,,,,,,,,,,,,,,,,,,,,,,,,,,,,,,,,,,,,,,,,,,,,,,,,,,,,,,,,,,,,,,,,,,,,,,,,,,,,,,,,,,,,,,,,,,,,,,,,,,,,,,,,,,,,,,,,,,,,,,,,,,,,,,,,,,,,,,,,,,,,,,,,,,,,,,,,,,,,,,,,,,,,,,,,,,,,,,,,,,,,,,,,,,,,,,,,,,,,,,,,,,,,,,,,,,,,,,,,,,,,,,,,,,,,,,,,,,,,,,,,,,,,,,,,,,,,,,,,,,,,,,,,,,,,,,,,,,,,,,,,,,,,,,,,,,,,,,,,,,,,,,,,,,111,Madhya Pradesh,TIKAMGARH,Baldeogarh,ITC Limited,Baldevgrah Agriculture Producer Company Limited,U01111MP2023 PTC067380,Company Act,25-Aug-2023,,,,,,,,
,,,,,,,,,,,,,,,,,,,,,,,,,,,,,,,,,,,,,,,,,,,,,,,,,,,,,,,,,,,,,,,,,,,,,,,,,,,,,,,,,,,,,,,,,,,,,,,,,,,,,,,,,,,,,,,,,,,,,,,,,,,,,,,,,,,,,,,,,,,,,,,,,,,,,,,,,,,,,,,,,,,,,,,,,,,,,,,,,,,,,,,,,,,,,,,,,,,,,,,,,,,,,,,,,,,,,,,,,,,,,,,,,,,,,,,,,,,,,,,,,,,,,,,,,,,,,,,,,,,,,,,,,,,,,,,,,,,,,,,,,,,,,,,,,,,,,,,,,,,,,,,,,,,,,,,,,,,,,,,,,,,,,,,,,,,,,,,,,,,,,112,Madhya Pradesh,TIKAMGARH,Palera,ITC Limited,Orchhadheesh Agriculture Producer Company Limited,U01111MP2023 PTC067331,Company Act,23-Aug-2023,,,,,,,,
,,,,,,,,,,,,,,,,,,,,,,,,,,,,,,,,,,,,,,,,,,,,,,,,,,,,,,,,,,,,,,,,,,,,,,,,,,,,,,,,,,,,,,,,,,,,,,,,,,,,,,,,,,,,,,,,,,,,,,,,,,,,,,,,,,,,,,,,,,,,,,,,,,,,,,,,,,,,,,,,,,,,,,,,,,,,,,,,,,,,,,,,,,,,,,,,,,,,,,,,,,,,,,,,,,,,,,,,,,,,,,,,,,,,,,,,,,,,,,,,,,,,,,,,,,,,,,,,,,,,,,,,,,,,,,,,,,,,,,,,,,,,,,,,,,,,,,,,,,,,,,,,,,,,,,,,,,,,,,,,,,,,,,,,,,,,,,,,,,,,,113,Madhya Pradesh,Shajapur,Shujalpur,ITC Limited,Shashtrajeet Farmer Producer Company Limited,U01409MP2022 PTC062524,Company Act,1-Sep-2022,,,,,,,,
,,,,,,,,,,,,,,,,,,,,,,,,,,,,,,,,,,,,,,,,,,,,,,,,,,,,,,,,,,,,,,,,,,,,,,,,,,,,,,,,,,,,,,,,,,,,,,,,,,,,,,,,,,,,,,,,,,,,,,,,,,,,,,,,,,,,,,,,,,,,,,,,,,,,,,,,,,,,,,,,,,,,,,,,,,,,,,,,,,,,,,,,,,,,,,,,,,,,,,,,,,,,,,,,,,,,,,,,,,,,,,,,,,,,,,,,,,,,,,,,,,,,,,,,,,,,,,,,,,,,,,,,,,,,,,,,,,,,,,,,,,,,,,,,,,,,,,,,,,,,,,,,,,,,,,,,,,,,,,,,,,,,,,,,,,,,,,,,,,,,,114,Madhya Pradesh,Shajapur,Mohan Badodiya,ITC Limited,Borsali Farm Producer Company Limited,U01611MP2023 PTC065367,Company Act,20-Apr-2023,,,,,,,,
,,,,,,,,,,,,,,,,,,,,,,,,,,,,,,,,,,,,,,,,,,,,,,,,,,,,,,,,,,,,,,,,,,,,,,,,,,,,,,,,,,,,,,,,,,,,,,,,,,,,,,,,,,,,,,,,,,,,,,,,,,,,,,,,,,,,,,,,,,,,,,,,,,,,,,,,,,,,,,,,,,,,,,,,,,,,,,,,,,,,,,,,,,,,,,,,,,,,,,,,,,,,,,,,,,,,,,,,,,,,,,,,,,,,,,,,,,,,,,,,,,,,,,,,,,,,,,,,,,,,,,,,,,,,,,,,,,,,,,,,,,,,,,,,,,,,,,,,,,,,,,,,,,,,,,,,,,,,,,,,,,,,,,,,,,,,,,,,,,,,,115,Madhya Pradesh,Shajapur,Kalapipal,ITC Limited,Mitravrinda Farm Producer Company Limited,U01611MP2023 PTC065314,Company Act,18-Apr-2023,,,,,,,,
,,,,,,,,,,,,,,,,,,,,,,,,,,,,,,,,,,,,,,,,,,,,,,,,,,,,,,,,,,,,,,,,,,,,,,,,,,,,,,,,,,,,,,,,,,,,,,,,,,,,,,,,,,,,,,,,,,,,,,,,,,,,,,,,,,,,,,,,,,,,,,,,,,,,,,,,,,,,,,,,,,,,,,,,,,,,,,,,,,,,,,,,,,,,,,,,,,,,,,,,,,,,,,,,,,,,,,,,,,,,,,,,,,,,,,,,,,,,,,,,,,,,,,,,,,,,,,,,,,,,,,,,,,,,,,,,,,,,,,,,,,,,,,,,,,,,,,,,,,,,,,,,,,,,,,,,,,,,,,,,,,,,,,,,,,,,,,,,,,,,,116,Madhya Pradesh,Shajapur,Kalapipal,Shakti Agritech Farming and Livelihood,Shri Kalapipal Crop Producer Company Limited,U01114MP2023 PTC068630,Company Act,19-Nov-2023,,,,,,,,
,,,,,,,,,,,,,,,,,,,,,,,,,,,,,,,,,,,,,,,,,,,,,,,,,,,,,,,,,,,,,,,,,,,,,,,,,,,,,,,,,,,,,,,,,,,,,,,,,,,,,,,,,,,,,,,,,,,,,,,,,,,,,,,,,,,,,,,,,,,,,,,,,,,,,,,,,,,,,,,,,,,,,,,,,,,,,,,,,,,,,,,,,,,,,,,,,,,,,,,,,,,,,,,,,,,,,,,,,,,,,,,,,,,,,,,,,,,,,,,,,,,,,,,,,,,,,,,,,,,,,,,,,,,,,,,,,,,,,,,,,,,,,,,,,,,,,,,,,,,,,,,,,,,,,,,,,,,,,,,,,,,,,,,,,,,,,,,,,,,,,117,Madhya Pradesh,Shajapur,Shujalpur,Nature Bio Food Pvt. Ltd.,Karedimata Farmer Producer Company Limited,U01611MP2023 PTC067294,Company Act,21-Aug-2023,,,,,,,,
,,,,,,,,,,,,,,,,,,,,,,,,,,,,,,,,,,,,,,,,,,,,,,,,,,,,,,,,,,,,,,,,,,,,,,,,,,,,,,,,,,,,,,,,,,,,,,,,,,,,,,,,,,,,,,,,,,,,,,,,,,,,,,,,,,,,,,,,,,,,,,,,,,,,,,,,,,,,,,,,,,,,,,,,,,,,,,,,,,,,,,,,,,,,,,,,,,,,,,,,,,,,,,,,,,,,,,,,,,,,,,,,,,,,,,,,,,,,,,,,,,,,,,,,,,,,,,,,,,,,,,,,,,,,,,,,,,,,,,,,,,,,,,,,,,,,,,,,,,,,,,,,,,,,,,,,,,,,,,,,,,,,,,,,,,,,,,,,,,,,,118,Madhya Pradesh,Guna,Chachoda,Kamdars Agro Research and Development,Chachauda Farmer Producer Company Limited,U01110MP2021 PTC056951,Company Act,3-Aug-2021,,,,,,,,
,,,,,,,,,,,,,,,,,,,,,,,,,,,,,,,,,,,,,,,,,,,,,,,,,,,,,,,,,,,,,,,,,,,,,,,,,,,,,,,,,,,,,,,,,,,,,,,,,,,,,,,,,,,,,,,,,,,,,,,,,,,,,,,,,,,,,,,,,,,,,,,,,,,,,,,,,,,,,,,,,,,,,,,,,,,,,,,,,,,,,,,,,,,,,,,,,,,,,,,,,,,,,,,,,,,,,,,,,,,,,,,,,,,,,,,,,,,,,,,,,,,,,,,,,,,,,,,,,,,,,,,,,,,,,,,,,,,,,,,,,,,,,,,,,,,,,,,,,,,,,,,,,,,,,,,,,,,,,,,,,,,,,,,,,,,,,,,,,,,,,119,Madhya Pradesh,Guna,Guna,Kamdars Agro Research and Development,Guna Crop Producer Company Limited,U01100MP2021 PTC058322,Company Act,10-Nov-2021,,,,,,,,
,,,,,,,,,,,,,,,,,,,,,,,,,,,,,,,,,,,,,,,,,,,,,,,,,,,,,,,,,,,,,,,,,,,,,,,,,,,,,,,,,,,,,,,,,,,,,,,,,,,,,,,,,,,,,,,,,,,,,,,,,,,,,,,,,,,,,,,,,,,,,,,,,,,,,,,,,,,,,,,,,,,,,,,,,,,,,,,,,,,,,,,,,,,,,,,,,,,,,,,,,,,,,,,,,,,,,,,,,,,,,,,,,,,,,,,,,,,,,,,,,,,,,,,,,,,,,,,,,,,,,,,,,,,,,,,,,,,,,,,,,,,,,,,,,,,,,,,,,,,,,,,,,,,,,,,,,,,,,,,,,,,,,,,,,,,,,,,,,,,,,120,Madhya Pradesh,Guna,Guna,ITC Limited,Khutyavad Farmer Producer Company Limited,U01100MP2022 PTC062369,Company Act,24-Aug-2022,,,,,,,,
,,,,,,,,,,,,,,,,,,,,,,,,,,,,,,,,,,,,,,,,,,,,,,,,,,,,,,,,,,,,,,,,,,,,,,,,,,,,,,,,,,,,,,,,,,,,,,,,,,,,,,,,,,,,,,,,,,,,,,,,,,,,,,,,,,,,,,,,,,,,,,,,,,,,,,,,,,,,,,,,,,,,,,,,,,,,,,,,,,,,,,,,,,,,,,,,,,,,,,,,,,,,,,,,,,,,,,,,,,,,,,,,,,,,,,,,,,,,,,,,,,,,,,,,,,,,,,,,,,,,,,,,,,,,,,,,,,,,,,,,,,,,,,,,,,,,,,,,,,,,,,,,,,,,,,,,,,,,,,,,,,,,,,,,,,,,,,,,,,,,,121,Madhya Pradesh,Guna,Bamori,ITC Limited,Neelmadhirampur Farmer Producer Company Limited,U01611MP2023 PTC065441,Company Act,25-Apr-2023,,,,,,,,
,,,,,,,,,,,,,,,,,,,,,,,,,,,,,,,,,,,,,,,,,,,,,,,,,,,,,,,,,,,,,,,,,,,,,,,,,,,,,,,,,,,,,,,,,,,,,,,,,,,,,,,,,,,,,,,,,,,,,,,,,,,,,,,,,,,,,,,,,,,,,,,,,,,,,,,,,,,,,,,,,,,,,,,,,,,,,,,,,,,,,,,,,,,,,,,,,,,,,,,,,,,,,,,,,,,,,,,,,,,,,,,,,,,,,,,,,,,,,,,,,,,,,,,,,,,,,,,,,,,,,,,,,,,,,,,,,,,,,,,,,,,,,,,,,,,,,,,,,,,,,,,,,,,,,,,,,,,,,,,,,,,,,,,,,,,,,,,,,,,,,122,Madhya Pradesh,Guna,Aron,ITC Limited,Bhadaurveer Farmer Producer Company Limited,U01100MP2022 PTC062291,Company Act,18-Aug-2022,,,,,,,,
,,,,,,,,,,,,,,,,,,,,,,,,,,,,,,,,,,,,,,,,,,,,,,,,,,,,,,,,,,,,,,,,,,,,,,,,,,,,,,,,,,,,,,,,,,,,,,,,,,,,,,,,,,,,,,,,,,,,,,,,,,,,,,,,,,,,,,,,,,,,,,,,,,,,,,,,,,,,,,,,,,,,,,,,,,,,,,,,,,,,,,,,,,,,,,,,,,,,,,,,,,,,,,,,,,,,,,,,,,,,,,,,,,,,,,,,,,,,,,,,,,,,,,,,,,,,,,,,,,,,,,,,,,,,,,,,,,,,,,,,,,,,,,,,,,,,,,,,,,,,,,,,,,,,,,,,,,,,,,,,,,,,,,,,,,,,,,,,,,,,,123,Madhya Pradesh,Guna,Raghogarh,Shakti Agritech Farming and Livelihood,Raghogarh-Shakti Agro Producer Company Limited,U01114MP2023 PTC067531,Company Act,6-Sep-2023,,,,,,,,
,,,,,,,,,,,,,,,,,,,,,,,,,,,,,,,,,,,,,,,,,,,,,,,,,,,,,,,,,,,,,,,,,,,,,,,,,,,,,,,,,,,,,,,,,,,,,,,,,,,,,,,,,,,,,,,,,,,,,,,,,,,,,,,,,,,,,,,,,,,,,,,,,,,,,,,,,,,,,,,,,,,,,,,,,,,,,,,,,,,,,,,,,,,,,,,,,,,,,,,,,,,,,,,,,,,,,,,,,,,,,,,,,,,,,,,,,,,,,,,,,,,,,,,,,,,,,,,,,,,,,,,,,,,,,,,,,,,,,,,,,,,,,,,,,,,,,,,,,,,,,,,,,,,,,,,,,,,,,,,,,,,,,,,,,,,,,,,,,,,,,124,Madhya Pradesh,Guna,Raghogarh,Shakamwari Agro (India) Pvt.Ltd.,Raghogarh Natural Crop Producer Company Limited,U01611MP2024 PTC069274,Company Act,9-Jan-2024,,,,,,,,
,,,,,,,,,,,,,,,,,,,,,,,,,,,,,,,,,,,,,,,,,,,,,,,,,,,,,,,,,,,,,,,,,,,,,,,,,,,,,,,,,,,,,,,,,,,,,,,,,,,,,,,,,,,,,,,,,,,,,,,,,,,,,,,,,,,,,,,,,,,,,,,,,,,,,,,,,,,,,,,,,,,,,,,,,,,,,,,,,,,,,,,,,,,,,,,,,,,,,,,,,,,,,,,,,,,,,,,,,,,,,,,,,,,,,,,,,,,,,,,,,,,,,,,,,,,,,,,,,,,,,,,,,,,,,,,,,,,,,,,,,,,,,,,,,,,,,,,,,,,,,,,,,,,,,,,,,,,,,,,,,,,,,,,,,,,,,,,,,,,,,125,Madhya Pradesh,Guna,Bamori,Patanjali Foods Limited,Porukhedi Agri Farmer Producer Company Limited,U01124MP2023 PTC066204,Company Act,9-Jun-2023,,,,,,,,
,,,,,,,,,,,,,,,,,,,,,,,,,,,,,,,,,,,,,,,,,,,,,,,,,,,,,,,,,,,,,,,,,,,,,,,,,,,,,,,,,,,,,,,,,,,,,,,,,,,,,,,,,,,,,,,,,,,,,,,,,,,,,,,,,,,,,,,,,,,,,,,,,,,,,,,,,,,,,,,,,,,,,,,,,,,,,,,,,,,,,,,,,,,,,,,,,,,,,,,,,,,,,,,,,,,,,,,,,,,,,,,,,,,,,,,,,,,,,,,,,,,,,,,,,,,,,,,,,,,,,,,,,,,,,,,,,,,,,,,,,,,,,,,,,,,,,,,,,,,,,,,,,,,,,,,,,,,,,,,,,,,,,,,,,,,,,,,,,,,,,126,Madhya Pradesh,Guna,Aron,Patanjali Foods Limited,Aron Krishak Pragti Farmer Producer Company Limited,U01111MP2023 PTC067123,Company Act,10-Aug-2023,,,,,,,,
,,,,,,,,,,,,,,,,,,,,,,,,,,,,,,,,,,,,,,,,,,,,,,,,,,,,,,,,,,,,,,,,,,,,,,,,,,,,,,,,,,,,,,,,,,,,,,,,,,,,,,,,,,,,,,,,,,,,,,,,,,,,,,,,,,,,,,,,,,,,,,,,,,,,,,,,,,,,,,,,,,,,,,,,,,,,,,,,,,,,,,,,,,,,,,,,,,,,,,,,,,,,,,,,,,,,,,,,,,,,,,,,,,,,,,,,,,,,,,,,,,,,,,,,,,,,,,,,,,,,,,,,,,,,,,,,,,,,,,,,,,,,,,,,,,,,,,,,,,,,,,,,,,,,,,,,,,,,,,,,,,,,,,,,,,,,,,,,,,,,,127,Madhya Pradesh,Guna,Chachoda,Patanjali Foods Limited,Kumbharaj Agro Farmer Producer Company Limited,U01111MP2023 PTC066501,Company Act,3-Jul-2023,,,,,,,,
,,,,,,,,,,,,,,,,,,,,,,,,,,,,,,,,,,,,,,,,,,,,,,,,,,,,,,,,,,,,,,,,,,,,,,,,,,,,,,,,,,,,,,,,,,,,,,,,,,,,,,,,,,,,,,,,,,,,,,,,,,,,,,,,,,,,,,,,,,,,,,,,,,,,,,,,,,,,,,,,,,,,,,,,,,,,,,,,,,,,,,,,,,,,,,,,,,,,,,,,,,,,,,,,,,,,,,,,,,,,,,,,,,,,,,,,,,,,,,,,,,,,,,,,,,,,,,,,,,,,,,,,,,,,,,,,,,,,,,,,,,,,,,,,,,,,,,,,,,,,,,,,,,,,,,,,,,,,,,,,,,,,,,,,,,,,,,,,,,,,,128,Madhya Pradesh,Guna,Guna,ITC Limited,Sindhushakti Farmer Producer Company Limited,U01113MP2022 PTC059394,Company Act,2-Feb-2022,,,,,,,,